<?xml version='1.0' encoding='utf-8'?>
<job-scheduling-data xmlns="http://www.quartz-scheduler.org/xml/JobSchedulingData"
                     xmlns:xsi="http://www.w3.org/2001/XMLSchema-instance"
                     xsi:schemaLocation="http://www.quartz-scheduler.org/xml/JobSchedulingData http://www.quartz-scheduler.org/xml/job_scheduling_data_1_8.xsd"
                     version="1.8">

    <schedule>
        <!-- quartz job -->
        <!--
        <job>
            <name>myjob</name>
            <group>MYJOBGROUP</group>
            <description>Job to Test</description>
            <job-class>info.jtrac.quartz.QuartzJob</job-class>

            <job-data-map>
                <entry>
                    <key>protocol</key>
                    <value>imaps</value>
                </entry>
                <entry>
                    <key>host</key>
                    <value>imap.gmail.com</value>
                </entry>
                <entry>
                    <key>user</key>
                    <value>mes.ps.kz</value>
                </entry>
                <entry>
                    <key>password</key>
                    <value>mes_hae_kz</value>
                </entry>
            </job-data-map>
            
        </job>
        -->

        <!-- quartz trigger (every XX minutes) -->
        <!--
        <trigger>
            <cron>
                <name>my-trigger</name>
                <group>MYTRIGGER_GROUP</group>
                <job-name>myjob</job-name>
                <job-group>MYJOBGROUP</job-group>
                <cron-expression>0 0/2 * * * ?</cron-expression>
            </cron>
        </trigger>
        -->
    </schedule>
</job-scheduling-data>