<?xml version="1.0" encoding="ISO-8859-1"?>
<project name="JTrac">
    <bannerLeft>    
        <href>http://jtrac.info</href>
        <src>doc/images/jtrac-logo.png</src>    
    </bannerLeft>    
    <bannerRight>
        <href>http://sourceforge.net</href>
        <src>http://sflogo.sourceforge.net/sflogo.php?group_id=162983&amp;type=7</src>
    </bannerRight>
    <body>
        <links>
            <item name="SourceForge" href="http://sourceforge.net/projects/j-trac" />            
            <item name="Download" href="http://sourceforge.net/project/showfiles.php?group_id=162983&amp;package_id=184104"/>
            <item name="Author" href="http://ptrthomas.wordpress.com"/>
        </links>
        <menu name="JTrac">
            <item name="Home" href="index.html"/>
            <item name="Features" href="doc/html/features.html"/>
            <item name="Screenshots" href="http://sourceforge.net/project/screenshots.php?group_id=162983&amp;ssid=75577"/>
        <item name="Download" href="http://sourceforge.net/project/showfiles.php?group_id=162983&amp;package_id=184104"/>            
            <item name="Installation" href="doc/html/installation.html"/>
            <item name="Upgrading" href="doc/html/upgrading.html"/>            
            <item name="Roadmap" href="doc/html/roadmap.html"/>
            <item name="Dev Guide" href="doc/html/dev-guide.html"/>
            <item name="F A Q" href="doc/html/faq.html"/>            
        </menu>
        <menu name="Documentation">
            <item name="HTML" href="doc/html/index.html"/>
            <item name="PDF" href="http://j-trac.sourceforge.net/doc/pdf/jtrac-doc.pdf"/>
        </menu>
        <menu name="Project">
            <item name="License" href="license.html"/>
            <item name="Dependencies" href="dependencies.html"/>            
            <item name="Statistics" href="http://sourceforge.net/project/stats/?group_id=162983&amp;ugn=j-trac"/>
            <item name="Forums" href="http://sourceforge.net/forum/forum.php?forum_id=552477"/>
            <item name="Mailing List" href="mail-lists.html"/>
            <item name="Tracker" href="http://sourceforge.net/tracker/?group_id=162983"/>
            <item name="References" href="http://j-trac.wiki.sourceforge.net/references"/>
            <item name="Source Code" href="source-repository.html"/>
            <item name="Fisheye" href="http://fisheye3.cenqua.com/browse/j-trac"/>
            <item name="Latest Build" href="doc/html/interim-builds.html"/>            
            <item name="Developers" href="team-list.html"/>
        </menu>
    </body>
</project>