<?xml version="1.0"?>
<!DOCTYPE Configure PUBLIC "-//Mort Bay Consulting//DTD Configure//EN" "http://jetty.mortbay.org/configure.dtd">

<!-- =============================================================== -->
<!-- Configure the Jetty Server                                      -->
<!-- =============================================================== -->
<Configure id="Server" class="org.mortbay.jetty.Server">

    <!-- =========================================================== -->
    <!-- Server Thread Pool                                          -->
    <!-- =========================================================== -->
    <Set name="ThreadPool">
      <New class="org.mortbay.thread.BoundedThreadPool">
        <Set name="minThreads">10</Set>
        <Set name="lowThreads">25</Set>
        <Set name="maxThreads">250</Set>
      </New>
    </Set>

    <!-- =========================================================== -->
    <!-- Set connectors                                              -->
    <!-- =========================================================== -->
    <!-- One of each type!                                           -->
    <!-- =========================================================== -->
    <Set name="connectors">
      <Array type="org.mortbay.jetty.Connector">

        <!-- Use this connector for many frequently idle connections
             and for threadless continuations.
        -->
        <Item>
          <New class="org.mortbay.jetty.nio.SelectChannelConnector">
            <Set name="port"><SystemProperty name="jetty.port" default="8080"/></Set>
            <Set name="maxIdleTime">30000</Set>
            <Set name="lowResourceMaxIdleTime">3000</Set>
            <Set name="Acceptors">1</Set>
          </New>
        </Item>

        <!-- Use this connector if NIO is not available.
        <Item>
          <New class="org.mortbay.jetty.bio.SocketConnector">
            <Set name="port">8081</Set>
            <Set name="maxIdleTime">50000</Set>
          </New>
        </Item>
        -->

        <!-- Use this connector for few very active connections ONLY IF
	     SelectChannelConnector cannot handle your load
        <Item>
          <New class="org.mortbay.jetty.nio.BlockingChannelConnector">
            <Set name="port">8083</Set>
            <Set name="maxIdleTime">30000</Set>
            <Set name="lowResourceMaxIdleTime">3000</Set>
          </New>
        </Item>
        -->

        <!-- - - - - - - - - - - - - - - - - - - - - - - - - - - - - - - - - -->
        <!-- Add a HTTPS SSL listener on port 8443                           -->
        <!-- - - - - - - - - - - - - - - - - - - - - - - - - - - - - - - - - -->
        <!--
        <Item>
          <New class="org.mortbay.jetty.security.SslSocketConnector">
            <Set name="Port">8443</Set>
            <Set name="maxIdleTime">30000</Set>
            <Set name="Keystore"><SystemProperty name="jetty.home" default="." />/etc/keystore</Set>
            <Set name="Password">OBF:1vny1zlo1x8e1vnw1vn61x8g1zlu1vn4</Set>
            <Set name="KeyPassword">OBF:1u2u1wml1z7s1z7a1wnl1u2g</Set>
          </New>
        </Item>
        -->
      </Array>
    </Set>

    <!-- =========================================================== -->
    <!-- Set handler Collection Structure                            --> 
    <!-- =========================================================== -->
    <Set name="handler">
      <New id="handlers" class="org.mortbay.jetty.handler.HandlerCollection">
        <Set name="handlers">
         <Array type="org.mortbay.jetty.Handler">
           <Item>
             <New id="contexts" class="org.mortbay.jetty.handler.ContextHandlerCollection"/>
           </Item>
           <Item>
             <New id="defaultHandler" class="org.mortbay.jetty.handler.DefaultHandler"/>
           </Item>
           <Item>
             <New id="requestLog" class="org.mortbay.jetty.handler.RequestLogHandler"/>
           </Item>
         </Array>
        </Set>
      </New>
    </Set>
    
    
    <!-- ======================================================= -->
    <!-- Configure a WebApp                                      -->
    <!-- ======================================================= -->
    <New class="org.mortbay.jetty.webapp.WebAppContext">
      <Arg><Ref id="contexts"/></Arg>
      <Arg><SystemProperty name="jetty.home" default="."/>/<SystemProperty name="jtrac.webapp" default="jtrac.war"/></Arg>
      <Arg>/jtrac</Arg>
      <Set name="defaultsDescriptor"><SystemProperty name="jetty.home" default="."/>/etc/webdefault.xml</Set>
      <!--
      <Set name="virtualHosts">
        <Array type="java.lang.String">
          <Item>localhost</Item>
        </Array>
      </Set>
      -->      
      <Get name="SessionHandler">
        <Set name="SessionManager">
          <New class="org.mortbay.jetty.servlet.HashSessionManager">
            <Set name="maxInactiveInterval">600</Set>
          </New>
        </Set>
      </Get>
    </New>


    <!-- ======================================================= -->
    <!-- Configure a Context                                     -->
    <!-- ======================================================= -->
    <!--
    <New class="org.mortbay.jetty.servlet.Context">
      <Arg><Ref id="contexts"/></Arg>
      <Arg>/javadoc</Arg>
      <Set name="resourceBase"><SystemProperty name="jetty.home" default="."/>/modules/jetty/target/site/apidocs</Set>
      <Call name="addServlet">
        <Arg>org.mortbay.jetty.servlet.DefaultServlet</Arg>
        <Arg>/</Arg>
      </Call>
    </New>
    -->

    <!-- =========================================================== -->
    <!-- Discover contexts from webapps directory                    -->
    <!-- =========================================================== -->
    <!-- arg 4 = extract, arg 5 = parent priority class loading
    <Call class="org.mortbay.jetty.webapp.WebAppContext" name="addWebApplications">
      <Arg><Ref id="contexts"/></Arg>
      <Arg>./webapps</Arg>
      <Arg><SystemProperty name="jetty.home" default="."/>/etc/webdefault.xml</Arg>
      <Arg type="boolean">True</Arg>
      <Arg type="boolean">False</Arg>
    </Call>
    -->

    <!-- =========================================================== -->
    <!-- Configure Realms                                            -->
    <!-- =========================================================== -->
    <!--
    <Set name="UserRealms">
      <Array type="org.mortbay.jetty.security.UserRealm">
        <Item>
          <New class="org.mortbay.jetty.security.HashUserRealm">
            <Set name="name">Test Realm</Set>
            <Set name="config">etc/realm.properties</Set>
          </New>
        </Item>
      </Array>
    </Set>
    -->
    
    <!-- =========================================================== -->
    <!-- Configure Request Log                                       -->
    <!-- =========================================================== -->
    <Ref id="requestLog">
      <Set name="requestLog">
        <New id="requestLogImpl" class="org.mortbay.jetty.NCSARequestLog">
          <Arg><SystemProperty name="jetty.home" default="."/>/logs/yyyy_mm_dd.request.log</Arg>
          <Set name="retainDays">90</Set>
          <Set name="append">true</Set>
          <Set name="extended">false</Set>
          <Set name="LogTimeZone">GMT</Set>
        </New>
      </Set>
    </Ref>

    <!-- =========================================================== -->
    <!-- extra options                                               -->
    <!-- =========================================================== -->
    <Set name="stopAtShutdown">true</Set>
    <!-- ensure/prevent Server: header being sent to browsers        -->
    <Set name="sendServerVersion">true</Set>

</Configure>









