<?xml version="1.0" encoding="UTF-8"?>
<beans xmlns="http://www.springframework.org/schema/beans"
       xmlns:xsi="http://www.w3.org/2001/XMLSchema-instance"
       xsi:schemaLocation="http://www.springframework.org/schema/beans http://www.springframework.org/schema/beans/spring-beans-3.0.xsd">

    <!--
          Telegrams class beans instances for processing stored procedures. This beans will be
          autowired to TelegramsDao class - internal MAP field.
         -->
    <bean id="D1TR001" class="ru.kzgroup.telegrams.dao.TelegramProcessSP_">
        <constructor-arg name="jdbcTemplate" ref="jdbcTemplate"/>
        <constructor-arg name="name" value="SP_TR_D1TR001"/>
    </bean>
    <bean id="D1TR002" class="ru.kzgroup.telegrams.dao.TelegramProcessSP_">
        <constructor-arg name="jdbcTemplate" ref="jdbcTemplate"/>
        <constructor-arg name="name" value="SP_TR_D1TR002"/>
    </bean>
    <bean id="D1TR003" class="ru.kzgroup.telegrams.dao.TelegramProcessSP_">
        <constructor-arg name="jdbcTemplate" ref="jdbcTemplate"/>
        <constructor-arg name="name" value="SP_TR_D1TR003"/>
    </bean>
    <bean id="D1TR004" class="ru.kzgroup.telegrams.dao.TelegramProcessSP_">
        <constructor-arg name="jdbcTemplate" ref="jdbcTemplate"/>
        <constructor-arg name="name" value="SP_TR_D1TR004"/>
    </bean>
    <bean id="D1TR005" class="ru.kzgroup.telegrams.dao.TelegramProcessSP_">
        <constructor-arg name="jdbcTemplate" ref="jdbcTemplate"/>
        <constructor-arg name="name" value="SP_TR_D1TR005"/>
    </bean>
    <bean id="D1TR006" class="ru.kzgroup.telegrams.dao.TelegramProcessSP_">
        <constructor-arg name="jdbcTemplate" ref="jdbcTemplate"/>
        <constructor-arg name="name" value="SP_TR_D1TR006"/>
    </bean>
    <bean id="D1TR007" class="ru.kzgroup.telegrams.dao.TelegramProcessSP_">
        <constructor-arg name="jdbcTemplate" ref="jdbcTemplate"/>
        <constructor-arg name="name" value="SP_TR_D1TR007"/>
    </bean>
    <bean id="D1TR008" class="ru.kzgroup.telegrams.dao.TelegramProcessSP_">
        <constructor-arg name="jdbcTemplate" ref="jdbcTemplate"/>
        <constructor-arg name="name" value="SP_TR_D1TR008"/>
    </bean>
    <bean id="D1TR009" class="ru.kzgroup.telegrams.dao.TelegramProcessSP_">
        <constructor-arg name="jdbcTemplate" ref="jdbcTemplate"/>
        <constructor-arg name="name" value="SP_TR_D1TR009"/>
    </bean>
    <bean id="D1TR010" class="ru.kzgroup.telegrams.dao.TelegramProcessSP_">
        <constructor-arg name="jdbcTemplate" ref="jdbcTemplate"/>
        <constructor-arg name="name" value="SP_TR_D1TR010"/>
    </bean>

</beans>