<?xml version="1.0" encoding="UTF-8"?>
<beans xmlns="http://www.springframework.org/schema/beans"
       xmlns:xsi="http://www.w3.org/2001/XMLSchema-instance"
       xmlns:context="http://www.springframework.org/schema/context"
       xmlns:util="http://www.springframework.org/schema/util" xmlns:tx="http://www.springframework.org/schema/tx"
       xsi:schemaLocation="http://www.springframework.org/schema/beans http://www.springframework.org/schema/beans/spring-beans-3.0.xsd
                           http://www.springframework.org/schema/context http://www.springframework.org/schema/context/spring-context-3.0.xsd
                           http://www.springframework.org/schema/util http://www.springframework.org/schema/util/spring-util.xsd
                           http://www.springframework.org/schema/tx http://www.springframework.org/schema/tx/spring-tx.xsd">

    <!-- properties placeholders config -->
    <context:property-placeholder location="classpath:engine.properties" />
    <!-- Activates various annotations to be detected in Spring bean classes. -->
    <context:annotation-config />
    <!-- Scans within the base package of the application for @Components to configure as beans -->
    <context:component-scan base-package="ru.kzgroup" />
    <!-- Exceptions translator bean -->
    <bean class="org.springframework.dao.annotation.PersistenceExceptionTranslationPostProcessor"/>
    <!-- Realization of exception translator for hibernate 4 -->
    <bean class="org.springframework.orm.hibernate4.HibernateExceptionTranslator"/>

    <!-- loading another part of spring config -->
    <!--<import resource="_tcHandlers.xml"/>-->

    <!-- Transactions manager -->
    <!--<bean id="springTXManager" class="org.springframework.jdbc.datasource.DataSourceTransactionManager">
        <property name="dataSource" ref="commonMESDataSource"/>
    </bean>-->
    <bean id="engineTXManager" class="org.springframework.orm.hibernate4.HibernateTransactionManager">
        <property name="sessionFactory" ref="commonMESSessionFactory"/>
    </bean>

    <!-- Transaction manager config -->
    <!--<tx:annotation-driven transaction-manager="springTXManager"/>-->
    <tx:annotation-driven transaction-manager="engineTXManager" proxy-target-class="true"/>

    <!-- MES DB data source -->
    <bean id="commonMESDataSource" class="org.apache.commons.dbcp.BasicDataSource" destroy-method="close">
        <property name="driverClassName" value="${oracle.jdbc.driver}"/>
        <property name="url" value="${oracle.jdbc.url.start}${oracle.jdbc.url.host}/${oracle.jdbc.url.service}"/>
        <property name="username" value="${oracle.user}"/>
        <property name="password" value="${oracle.pass}"/>
        <property name="maxActive" value="50"/>
        <property name="minIdle" value="5"/>
        <property name="validationQuery" value="SELECT 1 FROM DUAL"/>
        <property name="initialSize" value="10"/>
        <property name="testOnReturn" value="true"/>
        <property name="testOnBorrow" value="true"/>
        <property name="logAbandoned" value="true"/>
        <property name="testWhileIdle" value="true"/>
    </bean>

    <!-- Spring JDBCTemplate bean. -->
    <bean id="jdbcTemplate" class="org.springframework.jdbc.core.JdbcTemplate">
        <property name="dataSource" ref="commonMESDataSource"/>
    </bean>

    <!-- MES DB session factory -->
    <bean id="commonMESSessionFactory" class="org.springframework.orm.hibernate4.LocalSessionFactoryBean">
        <property name="dataSource" ref="commonMESDataSource"/>
        <property name="packagesToScan" value="ru.kzgroup"/>
        <!-- Here we can use placeholders ${zzz} from .properties file -->
        <property name="hibernateProperties">
            <props>
                <prop key="hibernate.dialect">${hibernate.oracle.dialect}</prop>
                <prop key="hibernate.show_sql">${hibernate.show_sql}</prop>
                <prop key="hibernate.format_sql">${hibernate.format_sql}</prop>
            </props>
        </property>

        <!-- Hibernate mappings -->
        <property name="mappingResources">
            <list>
                <value>hibernate/orders/OrderDto_ORA.hbm.xml</value>
                <value>hibernate/orders/OrderPositionDto_ORA.hbm.xml</value>
                <value>hibernate/orders/OrderExtraItemDto_ORA.hbm.xml</value>
                <value>hibernate/orders/OrderIngredientDto_ORA.hbm.xml</value>
                <value>hibernate/orders/OrderMarketTypeDto_ORA.hbm.xml</value>
                <value>ru/kzgroup/domain/dto/orders/OrderRollingDto_ORA.hbm.xml</value>
                <value>hibernate/CustomerDto_ORA.hbm.xml</value>
                <value>hibernate/CustomerEmailDto_ORA.hbm.xml</value>
                <value>hibernate/FinishedGoodsItemDto_ORA.hbm.xml</value>
                <value>hibernate/SteelGradeDto_ORA.hbm.xml</value>
                <value>hibernate/SectionDto_ORA.hbm.xml</value>
                <value>hibernate/CountryDto_ORA.hbm.xml</value>
                <value>hibernate/TerritoryDto_ORA.hbm.xml</value>
                <value>hibernate/ShipmentTypeDto_ORA.hbm.xml</value>
                <value>hibernate/StandardDto_ORA.hbm.xml</value>
                <value>hibernate/DeliveryTermDto_ORA.hbm.xml</value>
                <value>hibernate/MarkingDto_ORA.hbm.xml</value>
                <value>hibernate/CurrencyDto_ORA.hbm.xml</value>
            </list>
        </property>

    </bean>

</beans>