<?xml version="1.0"?>
<!DOCTYPE hibernate-mapping PUBLIC "-//Hibernate/Hibernate Mapping DTD//EN"
 "http://www.hibernate.org/dtd/hibernate-mapping-3.0.dtd">

<hibernate-mapping>
    <class name="ru.kzgroup.domain.dto.rawTables.D8001130.D8001130Dto" table="D8001130">
        <!-- composite primary key -->
        <composite-id name="id" class="ru.kzgroup.domain.dto.rawTables.D8001130.D8001130DtoId">
            <key-property name="year"          column="Year" />
            <key-property name="month"         column="Month" />
            <key-property name="attCompar"     column="AttCompar" />
            <key-property name="groupMarkCode" column="GroupMarkCode" />
            <key-property name="clauseCode"    column="ClauseCode" />
        </composite-id>
        <property name="planTonn"     column="PlanTon"/>
        <property name="priceTonn"    column="PriceTon"/>
        <property name="clauseAmount" column="ClauseSum"/>
    </class>
</hibernate-mapping>