<?xml version="1.0"?>
<!DOCTYPE hibernate-mapping PUBLIC "-//Hibernate/Hibernate Mapping DTD//EN"
 "http://www.hibernate.org/dtd/hibernate-mapping-3.0.dtd">

<hibernate-mapping>
    <class name="ru.kzgroup.domain.dto.rawTables.D8001130.D8001130Dto" table="TB_ARM_D8001130">
        <!-- composite primary key -->
        <composite-id name="id" class="ru.kzgroup.domain.dto.rawTables.D8001130.D8001130DtoId">
            <key-property name="year"          column="YEAR" />
            <key-property name="month"         column="MONTH" />
            <key-property name="attCompar"     column="ATT_COMPAR" />
            <key-property name="groupMarkCode" column="GROUP_MARK_CD" />
            <key-property name="clauseCode"    column="CLAUSE_CD" />
        </composite-id>
        <property name="planTonn"     column="PLAN_TONN"/>
        <property name="priceTonn"    column="PRICE_TONN"/>
        <property name="clauseAmount" column="CLAUSE_AMOUNT"/>
        <property name="deleted"      column="DELETED" />
        <property name="modifyUser"   column="MODIFIER" />
        <property name="modifyDate"   column="MOD_DDTT" />
        <property name="registerUser" column="REGISTER" />
        <property name="registerDate" column="REG_DDTT" />
    </class>
</hibernate-mapping>