<?xml version="1.0"?>
<!DOCTYPE hibernate-mapping PUBLIC "-//Hibernate/Hibernate Mapping DTD//EN"
 "http://www.hibernate.org/dtd/hibernate-mapping-3.0.dtd">

<hibernate-mapping>
    <class name="ru.kzgroup.domain.dto.rawTables.N00161.N00161Dto" table="N00161">
        <!-- composite primary key -->
        <composite-id name="id" class="ru.kzgroup.domain.dto.rawTables.N00161.N00161DtoId">
            <key-property name="year"          column="Year" />
            <key-property name="month"         column="Month" />
            <key-property name="codePlan"      column="CodePlan" />
            <key-property name="codeParameter" column="CodeParameter" />
        </composite-id>
        <property name="nameParameter"  column="NameParameter"/>
        <property name="idParameter"    column="IndentifierParameter"/>
        <property name="valueParameter" column="ValueParameter"/>
    </class>
</hibernate-mapping>