<?xml version="1.0"?>
<!DOCTYPE hibernate-mapping PUBLIC "-//Hibernate/Hibernate Mapping DTD//EN"
 "http://www.hibernate.org/dtd/hibernate-mapping-3.0.dtd">

<hibernate-mapping>
    <class name="ru.kzgroup.domain.dto.rawTables.N00161.N00161Dto" table="TB_ARM_N00161">
        <!-- composite primary key -->
        <composite-id name="id" class="ru.kzgroup.domain.dto.rawTables.N00161.N00161DtoId">
            <key-property name="year"          column="YEAR" />
            <key-property name="month"         column="MONTH" />
            <key-property name="codePlan"      column="CODE_PLAN" />
            <key-property name="codeParameter" column="CODE_PARAMETER" />
        </composite-id>
        <property name="nameParameter"  column="NAME_PARAMETER"/>
        <property name="idParameter"    column="ID_PARAMETER"/>
        <property name="valueParameter" column="VALUE_PARAMETER"/>
        <property name="deleted"        column="DELETED" />
        <property name="modifyUser"     column="MODIFIER" />
        <property name="modifyDate"     column="MOD_DDTT" />
        <property name="registerUser"   column="REGISTER" />
        <property name="registerDate"   column="REG_DDTT" />
    </class>
</hibernate-mapping>