<?xml version="1.0"?>
<!DOCTYPE hibernate-mapping PUBLIC "-//Hibernate/Hibernate Mapping DTD//EN"
 "http://www.hibernate.org/dtd/hibernate-mapping-3.0.dtd">

<hibernate-mapping>
    <class name="ru.kzgroup.domain.dto.rawTables.N01100" table="N01100">
        <id       name="meltNo"         column="Плавка" />
        <property name="furnanceNumber" column="НомерПечи" />
        <property name="meltDate"       column="ДатаПлавки" />
        <property name="elementC"       column="C" />
        <property name="elementSI"      column="Si" />
        <property name="elementMN"      column="Mn" />
        <property name="elementS"       column="S" />
        <property name="elementP"       column="P" />
        <property name="elementCR"      column="Cr" />
        <property name="elementNI"      column="Ni" />
        <property name="elementCU"      column="Cu" />
        <property name="elementCEQU"    column="Cequ" />
        <property name="blankType"      column="ТипСлитка" />
        <property name="steelGrade"     column="КодМаркиПред" />
    </class>
</hibernate-mapping>