<?xml version="1.0"?>
<!DOCTYPE hibernate-mapping PUBLIC "-//Hibernate/Hibernate Mapping DTD//EN"
 "http://www.hibernate.org/dtd/hibernate-mapping-3.0.dtd">

<hibernate-mapping>
    <class name="ru.kzgroup.domain.dto.rawTables.N01100" table="TB_ARM_N01100">
        <id       name="meltNo"         column="MELT_NO" />
        <property name="furnanceNumber" column="FURNANCE_NO" />
        <property name="meltDate"       column="MELT_DATE" />
        <property name="elementC"       column="C" />
        <property name="elementSI"      column="SI" />
        <property name="elementMN"      column="MN" />
        <property name="elementS"       column="S" />
        <property name="elementP"       column="P" />
        <property name="elementCR"      column="CR" />
        <property name="elementNI"      column="NI" />
        <property name="elementCU"      column="CU" />
        <property name="elementCEQU"    column="CEQU" />
        <property name="blankType"      column="BLANK_TYPE" />
        <property name="steelGrade"     column="STL_GRADE_CD_PRED" />
        <property name="deleted"        column="DELETED" />
    </class>
</hibernate-mapping>