<?xml version="1.0"?>
<!DOCTYPE hibernate-mapping PUBLIC "-//Hibernate/Hibernate Mapping DTD//EN"
        "http://www.hibernate.org/dtd/hibernate-mapping-3.0.dtd">

<hibernate-mapping>
    <class name="ru.kzgroup.domain.dto.rawTables.RK110.RK110Dto" table="TB_ARM_RK110">
        <!-- composite ID -->
        <composite-id name="id" class="ru.kzgroup.domain.dto.rawTables.RK110.RK110DtoId">
            <key-property name="year"             column="YEAR" />
            <key-property name="workCardNumber"   column="WORK_CARD_NUMBER" />
            <key-property name="workCardPosition" column="WORK_CARD_POSITION"/>
        </composite-id>
        <property name="steelGradeCode"                     column="STEEL_GRADE_CD"/>
        <property name="profileCode"                        column="SECTION_CD" />
        <property name="size1"                              column="SIZE1"/>
        <property name="size2"                              column="SIZE2"/>
        <property name="lengthFrom"                         column="LENGTH_FROM"/>
        <property name="lengthTo"                           column="LENGTH_TO"/>
        <property name="meltNumber"                         column="MELT_NUMBER"/>

        <property name="orderYear"                          column="ORDER_YEAR"/>
        <property name="orderMonth"                         column="ORDER_MONTH"/>
        <!-- fields for linking with orders details (positions) table -->
        <property name="orderYearMonth"                     column="PROD_YYMM" />
        <property name="orderNumber"                        column="ORD_NO"/>
        <property name="orderPosition"                      column="ORD_POSITION"/>

        <property name="period"                             column="PERIOD"/>
        <property name="steelGradeName"                     column="STEEL_GRADE_NAME"/>
        <property name="profileName"                        column="SECTION_NAME"/>
        <property name="consigneeCode"                      column="CONSIGNEE_CD"/>
        <property name="companyName"                        column="COMPANY_NAME"/>
        <property name="city"                               column="CITY"/>
        <property name="customerCode"                       column="CUSTOMER_CD"/>
        <property name="payerCode"                          column="PAYER_CD"/>
        <property name="workCardDate"                       column="WORK_CARD_DATE"/>
        <property name="millNumber"                         column="MILL_NUMBER"/>
        <property name="rollingPiecesCount"                 column="ROLLING_PIECES_COUNT"/>
        <property name="rollingWeight"                      column="ROLLING_WEIGHT"/>
        <property name="rollingBadPieces"                   column="ROLLING_BAD_PIECES"/>
        <property name="rollingBadWeight"                   column="ROLLING_BAD_WEIGHT"/>
        <property name="correctionWeight"                   column="CORRECTION_WEIGHT"/>
        <property name="stand1"                             column="STAND1"/>
        <property name="trimmingWeight"                     column="TRIMMING_WEIGHT"/>
        <property name="stand2"                             column="STAND2"/>
        <property name="thermalProcWeight"                  column="THERMAL_PROC_WEIGHT"/>
        <property name="stand3"                             column="STAND3"/>
        <property name="acceptanceDateAD"                   column="ACCEPT_DATE_AD"/>
        <property name="acceptancePiecesAD"                 column="ACCEPT_PIECES_AD"/>
        <property name="acceptanceWeigthAD"                 column="ACCEPT_WEIGHT_AD"/>
        <property name="acceptancePackagesAD"               column="ACCEPT_PACKAGES_AD"/>
        <property name="acceptanceBadPiecesAD"              column="ACCEPT_BAD_PIECES_AD"/>
        <property name="acceptanceBadWeightAD"              column="ACCEPT_BAD_WEIGHT_AD"/>
        <property name="acceptanceCutWeightAD"              column="ACCEPT_CUT_WEIGHT_AD"/>
        <property name="remainderWeight"                    column="REMAINDER_WEIGHT"/>
        <property name="workCardCloseSign"                  column="WORK_CARD_CLOSE_SIGN"/>
        <property name="acceptanceADTurningWeight"          column="ACCEPTANCE_AD_TURN_WEIGHT"/>
        <property name="turningSentDate"                    column="TURN_SENT_DATE"/>
        <property name="turningSentProfile"                 column="TURN_SENT_SECTION"/>
        <property name="turningSentSize1"                   column="TURN_SENT_SIZE1"/>
        <property name="turningSentPackages"                column="TURN_SENT_PACKAGES"/>
        <property name="turningSentPieces"                  column="TURN_SENT_PIECES"/>
        <property name="turningSentWeight"                  column="TURN_SENT_WEIGHT"/>
        <property name="acceptanceADTurningBadPieces"       column="ACCEPT_AD_TURNBAD_PIECES"/>
        <property name="acceptanceADTurningBadWeight"       column="ACCEPT_AD_TURNBAD_WEIGHT"/>
        <property name="acceptanceADTurningProcWeight"      column="ACCEPT_AD_TURNPROC_WEIGHT"/>
        <property name="acceptanceADTurningBadTurnPieces"   column="ACCEPT_AD_TURNBAD_TURN_PIECES"/>
        <property name="acceptanceADTurningBadTurnWeight"   column="ACCEPT_AD_TURNBAD_TURN_WEIGHT"/>
        <property name="acceptanceADTurningProcTurnWeight"  column="ACCEPT_AD_TURNPROC_TURN_WEIGHT"/>
        <property name="otkWeight"                          column="OTK_WEIGHT"/>
        <property name="otkPiecesCount"                     column="OTK_PIECES_COUNT"/>
        <property name="turnProdWastePC"                    column="TURN_PROD_WASTE_PC"/>
        <property name="addParingPc"                        column="ADD_PAIRING_PC"/>
        <property name="addParingTn"                        column="ADD_PAIRING_TN"/>
        <property name="noOrderReasonCode"                  column="NO_ORDER_REASON_CD"/>
        <property name="rawCode"                            column="RAW_CD"/>
        <property name="landingWeight"                      column="LANDING_WEIGHT"/>
        <property name="codeGroupCalc"                      column="CD_GROUP_CALC"/>
        <property name="otkDate"                            column="OTK_DATE"/>
        <property name="outDate"                            column="OUT_DATE"/>
        <property name="brDate"                             column="BR_DATE"/>
        <property name="baseOrderNumber"                    column="BASE_ORDER_NUMBER"/>
        <property name="adShipmentDate"                     column="AD_SHIPMENT_DATE"/>
        <property name="adPathOst"                          column="AD_PATH_OST"/>
        <property name="isArc"                              column="IS_ARC"/>
        <property name="deleted"                            column="DELETED" />
        <property name="modifyUser"                         column="MODIFIER" />
        <property name="modifyDate"                         column="MOD_DDTT" />
        <property name="registerUser"                       column="REGISTER" />
        <property name="registerDate"                       column="REG_DDTT" />
    </class>

</hibernate-mapping>