<?xml version="1.0"?>
<!DOCTYPE hibernate-mapping PUBLIC "-//Hibernate/Hibernate Mapping DTD//EN"
        "http://www.hibernate.org/dtd/hibernate-mapping-3.0.dtd">

<hibernate-mapping>
    <class name="ru.kzgroup.domain.dto.rawTables.RK110.RK110Dto" table="RK110">
        <!-- composite ID -->
        <composite-id name="id" class="ru.kzgroup.domain.dto.rawTables.RK110.RK110DtoId">
            <key-property name="year"             column="`Год`" />
            <key-property name="workCardNumber"   column="`N_раб_карты`" />
            <key-property name="workCardPosition" column="`WorkTicketStringNo`" />
        </composite-id>
        <property name="steelGradeCode"                     column="`Код_марки`" />
        <property name="profileCode"                        column="`Код_проф`" />
        <property name="size1"                              column="`Разм1`" />
        <property name="size2"                              column="`Разм2`" />
        <property name="lengthFrom"                         column="`Дл_от`" />
        <property name="lengthTo"                           column="`Дл_до`"/>
        <property name="meltNumber"                         column="`Плавка`"/>

        <property name="orderYear"                          column="`OrderYear`"/>
        <property name="orderMonth"                         column="`OrderMonth`"/>
        <property name="orderNumber"                        column="`Заказ`"/>
        <property name="orderPosition"                      column="`Позиция`"/>

        <property name="period"                             column="`Период`"/>
        <property name="steelGradeName"                     column="`Наим.марки`"/>
        <property name="profileName"                        column="`Наим.профиля`"/>
        <property name="consigneeCode"                      column="`Код_грузопол`"/>
        <property name="companyName"                        column="`Наимен.предприятия`"/>
        <property name="city"                               column="`Город`"/>
        <property name="customerCode"                       column="`Код_заказчика`"/>
        <property name="payerCode"                          column="`Код_плательщика`"/>
        <property name="workCardDate"                       column="`Дата_раб_карты`"/>
        <property name="millNumber"                         column="`Стан`"/>
        <property name="rollingPiecesCount"                 column="`Прокат_шт`"/>
        <property name="rollingWeight"                      column="`Прокат_тн`"/>
        <property name="rollingBadPieces"                   column="`Брак_прокат_шт`"/>
        <property name="rollingBadWeight"                   column="`Брак_прокат_тн`"/>
        <property name="correctionWeight"                   column="`Правка_тн`"/>
        <property name="stand1"                             column="`Стойка1`"/>
        <property name="trimmingWeight"                     column="`Зачистка_тн`"/>
        <property name="stand2"                             column="`Стойка2`"/>
        <property name="thermalProcWeight"                  column="`Терм_обр_тн`"/>
        <property name="stand3"                             column="`Стойка3`"/>
        <property name="acceptanceDateAD"                   column="`Дата_приемки_АД`"/>
        <property name="acceptancePiecesAD"                 column="`Приемка_АД_шт`"/>
        <property name="acceptanceWeigthAD"                 column="`Приемка_АД_тн`"/>
        <property name="acceptancePackagesAD"               column="`Приемка_АД_пак`"/>
        <property name="acceptanceBadPiecesAD"              column="`Приемка_АД_брак_шт`"/>
        <property name="acceptanceBadWeightAD"              column="`Приемка_АД_брак_тн`"/>
        <property name="acceptanceCutWeightAD"              column="`Приемка_АД_обрезь_тн`"/>
        <property name="remainderWeight"                    column="`Остаток_тн`"/>
        <property name="workCardCloseSign"                  column="`Признак_закрытия_карты`"/>
        <property name="acceptanceADTurningWeight"          column="`ПриемкаАДобточкаТн`"/>
        <property name="turningSentDate"                    column="`ДатаОтпрОбт`"/>
        <property name="turningSentProfile"                 column="`ОтпрОбтПроф`"/>
        <property name="turningSentSize1"                   column="`ОтпрОбтРазм1`"/>
        <property name="turningSentPackages"                column="`ОтпрОбтПак`"/>
        <property name="turningSentPieces"                  column="`ОтпрОбтШт`"/>
        <property name="turningSentWeight"                  column="`ОтпрОбтТн`"/>
        <property name="acceptanceADTurningBadPieces"       column="`ПриемАДобтБракШт`"/>
        <property name="acceptanceADTurningBadWeight"       column="`ПриемАДобтБракТн`"/>
        <property name="acceptanceADTurningProcWeight"      column="`ПриемАДобтОбрТн`"/>
        <property name="acceptanceADTurningBadTurnPieces"   column="`ПриемАДобтБракОбтШт`"/>
        <property name="acceptanceADTurningBadTurnWeight"   column="`ПриемАДобтБракОбтТн`"/>
        <property name="acceptanceADTurningProcTurnWeight"  column="`ПриемАДобтОбрОбтТн`"/>
        <property name="otkWeight"                          column="`OTKWeight`"/>
        <property name="otkPiecesCount"                     column="`OTKPiece`"/>
        <property name="turnProdWastePC"                    column="`TurnProdWastePC`"/>
        <property name="addParingPc"                        column="`AddParingPc`"/>
        <property name="addParingTn"                        column="`AddParingTn`"/>
        <property name="noOrderReasonCode"                  column="`NoOrderReasonCode`"/>
        <property name="rawCode"                            column="`CodeRaw`"/>
        <property name="landingWeight"                      column="`PosadTn`"/>
        <property name="codeGroupCalc"                      column="`CodeGroupCalc`"/>
        <property name="otkDate"                            column="`DateOTK`"/>
        <property name="outDate"                            column="`DateOut`"/>
        <property name="brDate"                             column="`DateBr`"/>
        <property name="baseOrderNumber"                    column="`BaseOrderNo`"/>
        <property name="adShipmentDate"                     column="`ADShipDate`"/>
        <property name="adPathOst"                          column="`ADpathOst`"/>
        <property name="isArc"                              column="`IsArc`" />
    </class>

</hibernate-mapping>