<?xml version="1.0"?>
<!DOCTYPE hibernate-mapping PUBLIC "-//Hibernate/Hibernate Mapping DTD//EN"
        "http://www.hibernate.org/dtd/hibernate-mapping-3.0.dtd">

<hibernate-mapping>
    <class name="ru.kzgroup.domain.dto.rawTables.W161Z.W161ZDto" table="W161Z">
        <!-- composite primary key -->
        <composite-id name="id" class="ru.kzgroup.domain.dto.rawTables.W161Z.W161ZDtoId">
            <key-property name="year"            column="YearTov" />
            <key-property name="month"           column="MonthTov" />
            <key-property name="yearWorkTicket"  column="YearWorkTicket" />
            <key-property name="codeWorkTicket"  column="CodeWorkTicket" />
            <key-property name="codeFrachtbrief" column="CodeFrachtbrief" />
            <key-property name="record"          column="Record" />
        </composite-id>
        <property name="year"                     column="Year"/>
        <property name="orderNumber"              column="Order"/>
        <property name="period"                   column="Period"/>
        <property name="position"                 column="Position"/>
        <property name="groupMRT"                 column="GroupMRT"/>
        <property name="accountFactor"            column="AccountFactor"/>
        <property name="weight"                   column="Weight"/>
        <property name="amountFrachtbrief"        column="SumFrachtbrief"/>
        <property name="price"                    column="Price"/>
        <property name="costPriceExtraCosts1"     column="CostPriceExtraCosts1"/>
        <property name="costPriceRepairEquipment" column="CostPriceRepairEquipment"/>
        <property name="costPriceFactoryExpenses" column="CostPriceFactoryExpenses"/>
    </class>
</hibernate-mapping>