<?xml version="1.0"?>
<!DOCTYPE hibernate-mapping PUBLIC "-//Hibernate/Hibernate Mapping DTD//EN"
 "http://www.hibernate.org/dtd/hibernate-mapping-3.0.dtd">

<hibernate-mapping>
    <class name="ru.kzgroup.domain.dto.rawTables.W161Z.W161ZDto" table="TB_ARM_W161Z">
        <!-- composite primary key -->
        <composite-id name="id" class="ru.kzgroup.domain.dto.rawTables.W161Z.W161ZDtoId">
            <key-property name="year"            column="YEAR_KEY" />
            <key-property name="month"           column="MONTH" />
            <key-property name="yearWorkTicket"  column="YEAR_WORK_TICKET" />
            <key-property name="codeWorkTicket"  column="CODE_WORK_TICKET" />
            <key-property name="codeFrachtbrief" column="CODE_FRACHTBRIEF" />
            <key-property name="record"          column="RECORD" />
        </composite-id>
        <property name="year"                     column="YEAR"/>
        <property name="orderNumber"              column="ORDER_NUMBER"/>
        <property name="period"                   column="PERIOD"/>
        <property name="position"                 column="POSITION"/>
        <property name="groupMRT"                 column="GROUP_MRT"/>
        <property name="accountFactor"            column="ACCOUT_FACTOR"/>
        <property name="weight"                   column="WEIGHT"/>
        <property name="amountFrachtbrief"        column="AMOUNT_FRACHTBRIEF"/>
        <property name="price"                    column="PRICE"/>
        <property name="costPriceExtraCosts1"     column="COST_PRICE_EXTRA_COSTS1"/>
        <property name="costPriceRepairEquipment" column="COST_PRICE_REPAIR_EQUIPMENT"/>
        <property name="costPriceFactoryExpenses" column="COST_PRICE_FACTORY_EXPENSES"/>
        <property name="deleted"                  column="DELETED" />
        <property name="modifyDate"               column="MOD_DDTT" />
        <property name="modifyUser"               column="MODIFIER" />
        <property name="registerDate"             column="REG_DDTT" />
        <property name="registerUser"             column="REGISTER" />
    </class>
</hibernate-mapping>