<?xml version="1.0" encoding="UTF-8"?>
<beans xmlns="http://www.springframework.org/schema/beans"
       xmlns:xsi="http://www.w3.org/2001/XMLSchema-instance"
       xmlns:context="http://www.springframework.org/schema/context"
       xmlns:util="http://www.springframework.org/schema/util"
       xsi:schemaLocation="http://www.springframework.org/schema/beans http://www.springframework.org/schema/beans/spring-beans-3.0.xsd
                           http://www.springframework.org/schema/context http://www.springframework.org/schema/context/spring-context-3.0.xsd
                           http://www.springframework.org/schema/util http://www.springframework.org/schema/util/spring-util.xsd">

    <context:property-placeholder location="ru/kzgroup/reporter.jdbc.properties"/>

    <!--<bean class="org.springframework.beans.factory.config.PropertyPlaceholderConfigurer">
      <property name="ignoreUnresolvablePlaceholders" value="true" />
      <property name="ignoreResourceNotFound" value="true" />
      <property name="location" value="cageV3.properties" />
      </bean>
-->

    <!-- loading another part of spring config -->
    <!--<import resource="persistentContext.xml" /> -->

    <!-- Scans within the base package of the application for @Components to configure as beans -->
    <context:component-scan base-package="ru.kzgroup" />

    <bean id="paradoxDataSource1" destroy-method="close" class="org.apache.commons.dbcp.BasicDataSource">
        <property name="driverClassName" value="com.hxtt.sql.paradox.ParadoxDriver"/>
        <property name="url" value="jdbc:paradox://///pst-fs/asu/USERS/new/spz/DATA"/>
    </bean>

    <!-- MES development DB (ip=172.16.1.180). -->
    <bean id="mesDataSourceDev" destroy-method="close" class="org.apache.commons.dbcp.BasicDataSource">
        <property name="driverClassName" value="oracle.jdbc.OracleDriver"/>
        <property name="url" value="jdbc:oracle:thin:@//dc-mes-node1/PMES"/>
        <property name="username" value="${mes.db.user}"/>
        <property name="password" value="${mes.db.pass}"/>
    </bean>

    <!-- MES production DB #1 (ip=172.16.0.81). -->
    <bean id="mesDataSourceProd1" destroy-method="close" class="org.apache.commons.dbcp.BasicDataSource">
        <property name="driverClassName" value="oracle.jdbc.OracleDriver"/>
        <property name="url" value="jdbc:oracle:thin:@//dc-mes-node2/PMES"/>
        <property name="username" value="${mes.db.user}"/>
        <property name="password" value="${mes.db.pass}"/>
    </bean>

    <!-- MES production DB #2 (ip=172.16.0.82). -->
    <bean id="mesDataSourceProd2" destroy-method="close" class="org.apache.commons.dbcp.BasicDataSource">
        <property name="driverClassName" value="oracle.jdbc.OracleDriver"/>
        <property name="url" value="jdbc:oracle:thin:@//dc-mes-node3/PMES"/>
        <property name="username" value="${mes.db.user}"/>
        <property name="password" value="${mes.db.pass}"/>
    </bean>

    <!--
     DAO component: Rolling data. We configure this bean here (in .xml config) instead of annotations (@),
     because class for this bean is located in another project module and can be used for other purposes.
    -->
    <bean id="rollingDAO" class="ru.kzgroup.domain.dao.rolling.RollingDao">
        <constructor-arg name="oraDataSource" ref="mesDataSourceProd1"/>
        <constructor-arg name="pdxDataSource" ref="paradoxDataSource1"/>
    </bean>

    <!-- Service component: Rolling reporting service -->
<!--
    <bean id="rollingReportService" class="ru.kzgroup.dataReporter.services.RollingReportService">
        <property name="rollingDao" ref="rollingDAO" />
    </bean>
-->

<!--
    <bean id="ZZZ" class="java.lang.String">
        <util:constant static-field="ZZZZ"/>
    </bean>
-->

</beans>