<?xml version="1.0"?>
<!DOCTYPE hibernate-mapping PUBLIC "-//Hibernate/Hibernate Mapping DTD//EN"
 "http://www.hibernate.org/dtd/hibernate-mapping-3.0.dtd">

<hibernate-mapping>
    <class name="ru.kzgroup.domain.dto.goods.FinishedGoodsItemDto" table="TB_FINISHED_GOODS_ITEMS">
        <!-- composite primary key -->
        <composite-id name="id" class="ru.kzgroup.domain.dto.goods.FinishedGoodsItemDtoId">
            <key-property name="workCardYear"   column="WORK_CARD_YEAR"   type="int"/>
            <key-property name="workCardNumber" column="WORK_CARD_NUMBER" type="int"/>
            <key-property name="waybillNumber"  column="WAYBILL_NUMBER"   type="int"/>
        </composite-id>
        <property name="orderYear"            column="ORDER_YEAR"/>
        <property name="orderMonth"           column="ORDER_MONTH"/>
        <property name="position"             column="ORDER_POSITION"/>
        <property name="sizeFrom"             column="SIZE_FROM"/>
        <property name="sizeTo"               column="SIZE_TO"/>
        <property name="amountWithAdd"        column="AMOUNT_WITH_ADD"/>
        <property name="priceWithoutAdd"      column="PRICE_WITHOUT_ADD"/>
        <property name="wagon"                column="WAGON"/>
        <property name="requirementNumber"    column="REQUIREMENT_NUMBER"/>
        <property name="requirementNumber2"   column="REQUIREMENT_NUMBER2"/>
        <property name="requirementDate"      column="REQUIREMENT_DATE"/>
        <property name="requirementAmount"    column="REQUIREMENT_AMOUNT"/>
        <property name="additionalCode1"      column="ADDITIONAL_CD1"/>
        <property name="additionalCode2"      column="ADDITIONAL_CD2"/>
        <property name="payerCode"            column="PAYER_CD"/>
        <property name="billAmount1"          column="BILL_AMOUNT1"/>
        <property name="exchangeRateDate"     column="EXCHANGE_RATE_DATE"/>
        <property name="currencyPrice"        column="CURRENCY_PRICE"/>
        <property name="customerCode"         column="CUSTOMER_CD"/>
        <property name="orderNumber"          column="ORDER_NUMBER"/>
        <property name="steelGradeCode"       column="STEEL_GRADE_CD" />
        <property name="sectionCode"          column="SECTION_CD"/>
        <property name="size1"                column="SIZE1"/>
        <property name="size2"                column="SIZE2"/>
        <property name="warehouseDate"        column="WAREHOUSE_DATE"/>
        <property name="fromShopShipmentDate" column="FROM_SHOP_SHIPMENT_DATE"/>
        <property name="toShopShipmentDate"   column="TO_SHOP_SHIPMENT_DATE"/>
        <property name="weight"               column="WEIGHT"/>
        <property name="railwayRate"          column="RAILWAY_RATE"/>
        <property name="shopSender"           column="SHOP_SENDER" />
        <property name="storageDate"          column="STORAGE_DATE" />
        <property name="railwayShipmentDate"  column="RAILWAY_SHIPMENT_DATE" />
        <property name="deleted"              column="DELETED" />
        <property name="modifyUser"           column="MODIFIER" />
        <property name="modifyDate"           column="MOD_DDTT" />
        <property name="registerUser"         column="REGISTER" />
        <property name="registerDate"         column="REG_DDTT" />

        <!-- Customer relation (by foreign key) -->
        <many-to-one name="customer" class="ru.kzgroup.domain.dto.customers.CustomerDto"
                     not-found="ignore" not-null="false" lazy="false" cascade="none" insert="false" update="false">
            <column name="CUSTOMER_CD"/>
        </many-to-one>
        <!-- Steel grade info (by foreign key) -->
        <many-to-one name="steelGrade" class="ru.kzgroup.domain.dto.directories.SteelGradeDto" lazy="false" cascade="none" insert="false" update="false">
            <column name="STEEL_GRADE_CD"/>
        </many-to-one>
        <!-- Section info (by foreign key) -->
        <many-to-one name="section" class="ru.kzgroup.domain.dto.directories.SectionDto" lazy="false" cascade="none" insert="false" update="false">
            <column name="SECTION_CD"/>
        </many-to-one>

    </class>
</hibernate-mapping>