<?xml version="1.0"?>
<!DOCTYPE hibernate-mapping PUBLIC "-//Hibernate/Hibernate Mapping DTD//EN"
 "http://www.hibernate.org/dtd/hibernate-mapping-3.0.dtd">

<hibernate-mapping>
    <class name="ru.kzgroup.domain.dto.goods.FinishedGoodsItemDto" table="M149">
        <!-- composite primary key -->
        <composite-id name="id" class="ru.kzgroup.domain.dto.goods.FinishedGoodsItemDtoId">
            <key-property name="workCardYear"   column="`ГодРК`"     type="int"/>
            <key-property name="workCardNumber" column="`РК`"        type="int"/>
            <key-property name="waybillNumber"  column="`Накладная`" type="int"/>
        </composite-id>
        <property name="orderYear"            column="`OrderYear`"/>
        <property name="orderMonth"           column="`OrderMonth`"/>
        <property name="position"             column="`Позиция`"/>
        <property name="sizeFrom"             column="`Длина от`"/>
        <property name="sizeTo"               column="`Длина до`"/>
        <property name="amountWithAdd"        column="`Сумма с припл.`"/>
        <property name="priceWithoutAdd"      column="`Цена без припл.`"/>
        <property name="wagon"                column="`Вагон`"/>
        <property name="requirementNumber"    column="`N требования`"/>
        <property name="requirementNumber2"   column="`НомТреб2`"/>
        <property name="requirementDate"      column="`Дата треб.`"/>
        <property name="requirementAmount"    column="`Сумма по треб.`"/>
        <property name="additionalCode1"      column="`Доп.код 1`"/>
        <property name="additionalCode2"      column="`Доп.код 2`"/>
        <property name="payerCode"            column="`Код плательщика`"/>
        <property name="billAmount1"          column="`СуммаСчет1`"/>
        <property name="exchangeRateDate"     column="`ExchangeRateDate`"/>
        <property name="currencyPrice"        column="`CurrencyPrice`"/>
        <property name="customerCode"         column="`Код грузопол.`"/>
        <property name="orderNumber"          column="`Заказ`"/>
        <property name="steelGradeCode"       column="`Код марки`" />
        <property name="sectionCode"          column="`Код профиля`"/>
        <property name="size1"                column="`Размер 1`"/>
        <property name="size2"                column="`Размер 2`"/>
        <property name="warehouseDate"        column="`Дата ОТК`"/>
        <property name="fromShopShipmentDate" column="`Дата отгр.цехом`"/>
        <property name="toShopShipmentDate"   column="`ДатаОтгрВЦех180`"/>
        <property name="weight"               column="`Вес по накл.`"/>
        <property name="railwayRate"          column="`Ж/д тариф`" />
        <property name="shopSender"           column="`ЦехОтпр`" />
        <property name="storageDate"          column="`Дата хранения`" />
        <property name="railwayShipmentDate"  column="`Дата отгр.ж/д`" />
    </class>
</hibernate-mapping>