<?xml version="1.0"?>
<!DOCTYPE hibernate-mapping PUBLIC "-//Hibernate/Hibernate Mapping DTD//EN"
 "http://www.hibernate.org/dtd/hibernate-mapping-3.0.dtd">

<hibernate-mapping>
    <class name="ru.kzgroup.domain.dto.contracts.ContractDto" table="TB_CONTRACTS">
        <id       name="id"           column="CONTRACT_ID"/>
        <property name="number"       column="CONTRACT_NUMBER"/>
        <property name="year"         column="CONTRACT_YEAR"/>
        <property name="startDate"    column="STARTDATE"/>
        <property name="endDate"      column="ENDDATE"/>
        <property name="partnerId"    column="PARTNERID"/>
        <property name="subject"      column="SUBJECT"/>
        <property name="amount"       column="AMOUNT"/>
        <property name="valid"        column="VALID"/>
        <property name="validityDate" column="VALIDITYDATE"/>
        <property name="numberEGRUL"  column="EGRUL_NUMBER" />
        <property name="dateEGRUL"    column="EGRUL_DATE" />
        <property name="currencyCode" column="CURRENCY_CODE" />
        <property name="registeredShopCode"     column="REGISTERED_SHOP_CODE" />
        <property name="registeredDeptCode"     column="REGISTERED_DEPT_CODE" />
        <property name="internalContractNumber" column="INTERNAL_CONTRACT_NUMBER" />
        <property name="deleted"      column="DELETED" />
        <property name="modifyUser"   column="MODIFIER" />
        <property name="modifyDate"   column="MOD_DDTT" />
        <property name="registerUser" column="REGISTER" />
        <property name="registerDate" column="REG_DDTT" />

        <!-- contract subject type -> link to table TB_CONTRACTS_SUBJECT_TYPES -->
        <many-to-one name="subjectType" class="ru.kzgroup.domain.dto.contracts.SubjectTypeDto" lazy="false" cascade="merge">
            <!-- foreign key in current table to external table -->
            <column name="SUBJECTTYPEID"/>
        </many-to-one>
        <!-- our role in contract -> link to table TB_CONTRACTS_ROLES_TYPES -->
        <many-to-one name="roleType" class="ru.kzgroup.domain.dto.contracts.RoleTypeDto" lazy="false" cascade="merge">
            <!-- foreign key in current table to external table -->
            <column name="ROLETYPEID"/>
        </many-to-one>
        <!-- contract type -> link to table TB_CONTRACTS_TYPES -->
        <many-to-one name="contractType" class="ru.kzgroup.domain.dto.contracts.ContractTypeDto" lazy="false" cascade="merge">
            <!-- foreign key in current table to external table -->
            <column name="CONTRACTTYPEID"/>
        </many-to-one>
    </class>
</hibernate-mapping>