<?xml version="1.0"?>
<!DOCTYPE hibernate-mapping PUBLIC "-//Hibernate/Hibernate Mapping DTD//EN"
 "http://www.hibernate.org/dtd/hibernate-mapping-3.0.dtd">

<hibernate-mapping>
    <class name="ru.kzgroup.domain.dto.contracts.ContractDto" table="N27001">
        <id       name="id"           column="RegistryNo"/>
        <property name="number"       column="ВходНомер"/>
        <property name="year"         column="Год"/>
        <property name="startDate"    column="ДатаДоговора"/>
        <property name="endDate"      column="СрокДействия"/>
        <property name="partnerId"    column="КодПредпр"/>
        <property name="subject"      column="Тема"/>
        <property name="amount"       column="СуммаДоговора"/>
        <property name="valid"        column="ПризнакДейств"/>
        <property name="validityDate" column="ДатаНДейств"/>
        <property name="numberEGRUL"  column="EGRULExtractNo"/>
        <property name="dateEGRUL"    column="EGRULExtractDate"/>
        <property name="currencyCode" column="КодВалюты" />
        <property name="registeredShopCode"     column="RegShopNo" />
        <property name="registeredDeptCode"     column="КодОтдела" />
        <property name="internalContractNumber" column="NДоговора" />
        <!--
         Contract subject type -> link to table N27002. We need eager fetch (lazy=false) for related objects -
         because we need to insert/update this items into other database.
        -->
        <many-to-one name="subjectType" class="ru.kzgroup.domain.dto.contracts.SubjectTypeDto" lazy="false">
            <!-- foreign key in table N27001 for link to table N27002 -->
            <column name="КодПрДоговора"/>
        </many-to-one>
        <!--
         Our (Petrostal) role in contract -> link to table N27003. We need eager fetch (lazy=false) for related objects -
         because we need to insert/update this items into other database.
        -->
        <many-to-one name="roleType" class="ru.kzgroup.domain.dto.contracts.RoleTypeDto" lazy="false">
            <!-- foreign key in table N27001 for link to table N27003 -->
            <column name="КодР"/>
        </many-to-one>
        <!--
         Contract type -> link to table N27004. We need eager fetch (lazy=false) for related objects -
         because we need to insert/update this items into other database.
        -->
        <many-to-one name="contractType" class="ru.kzgroup.domain.dto.contracts.ContractTypeDto" lazy="false">
            <!-- foreign key in table N27001 for link to table N27004 -->
            <column name="ТипДокум"/>
        </many-to-one>
    </class>
</hibernate-mapping>