<?xml version="1.0"?>
<!DOCTYPE hibernate-mapping PUBLIC "-//Hibernate/Hibernate Mapping DTD//EN"
 "http://www.hibernate.org/dtd/hibernate-mapping-3.0.dtd">

<hibernate-mapping>
    <class name="ru.kzgroup.domain.dto.directories.technology.AdditionalMechTest" table="TB_DICT_ADDITIONAL_TESTS">
        <id       name="code"         column="TEST_CODE"/>
        <property name="shortName"    column="TEST_SHORT_NAME"/>
        <property name="fullName"     column="TEST_FULL_NAME"/>
        <property name="fullNameEng"  column="TEST_FULL_NAME_ENG"/>
        <property name="deleted"      column="DELETED" />
        <property name="modifyUser"   column="MODIFIER" />
        <property name="modifyDate"   column="MOD_DDTT" />
        <property name="registerUser" column="REGISTER" />
        <property name="registerDate" column="REG_DDTT" />
    </class>
</hibernate-mapping>