<?xml version="1.0"?>
<!DOCTYPE hibernate-mapping PUBLIC "-//Hibernate/Hibernate Mapping DTD//EN"
 "http://www.hibernate.org/dtd/hibernate-mapping-3.0.dtd">

<hibernate-mapping>
    <class name="ru.kzgroup.domain.dto.directories.CountryDto" table="TB_SM_COUNTRY">
        <id       name="code"             column="COUNTRY_CD"/>
        <property name="name"             column="COUNTRY_NAME"/>
        <property name="nameEnglish"      column="COUNTRY_NAME_ENG"/>
        <property name="nameTwoLetter"    column="COUNTRY_TWO_LETTERS"/>
        <property name="customsUnionSign" column="CUSTOMS_UNION_SIGN"/>
        <!-- for column USE_YN we will use default value from DB - 'Y' -->
        <!--<property name="useSign"          column="USE_YN"/>-->
        <property name="deleted"      column="DELETED" />
        <property name="modifyUser"   column="MODIFIER" />
        <property name="modifyDate"   column="MOD_DDTT" />
        <property name="registerUser" column="REGISTER" />
        <property name="registerDate" column="REG_DDTT" />
    </class>
</hibernate-mapping>