<?xml version="1.0"?>
<!DOCTYPE hibernate-mapping PUBLIC "-//Hibernate/Hibernate Mapping DTD//EN"
 "http://www.hibernate.org/dtd/hibernate-mapping-3.0.dtd">

<hibernate-mapping>
    <class name="ru.kzgroup.domain.dto.directories.CurrencyDto" table="TB_DICT_CURRENCY">
        <id       name="code"         column="CODE"/>
        <property name="name"         column="NAME"/>
        <property name="shortName"    column="SHORT_NAME"/>
        <property name="units"        column="UNITS"/>
        <property name="priorityCode" column="PRIORITY_CODE"/>
        <property name="codeOKB"      column="CODE_OKB"/>
        <property name="deleted"      column="DELETED" />
        <property name="modifyUser"   column="MODIFIER" />
        <property name="modifyDate"   column="MOD_DDTT" />
        <property name="registerUser" column="REGISTER" />
        <property name="registerDate" column="REG_DDTT" />
    </class>
</hibernate-mapping>