<?xml version="1.0"?>
<!DOCTYPE hibernate-mapping PUBLIC "-//Hibernate/Hibernate Mapping DTD//EN"
 "http://www.hibernate.org/dtd/hibernate-mapping-3.0.dtd">

<hibernate-mapping>
    <class name="ru.kzgroup.domain.dto.directories.CurrencyDto" table="N1610001">
        <id       name="code"         column="CodeCurrency"/>
        <property name="name"         column="NameCurrency"/>
        <property name="shortName"    column="NameCurrencyBrief"/>
        <property name="units"        column="CurrencyUnitsNumber"/>
        <property name="priorityCode" column="CurrencyPriorityCode"/>
        <property name="codeOKB"      column="OKBCode"/>
    </class>
</hibernate-mapping>