<?xml version="1.0"?>
<!DOCTYPE hibernate-mapping PUBLIC "-//Hibernate/Hibernate Mapping DTD//EN"
 "http://www.hibernate.org/dtd/hibernate-mapping-3.0.dtd">

<hibernate-mapping>
    <class name="ru.kzgroup.domain.dto.customers.CustomerDto" table="TB_SM_CUSTOMER">
        <id       name="code"               column="CUSTOMER_CD"/>
        <property name="juridicalPhysical"  column="JURIDICALPHYSICAL"/>
        <property name="ownerTypeCode"      column="OWNER_TYPE_CD" />
        <property name="abbreviation"       column="CUSTOMER_ABRV" />
        <property name="name"               column="CUSTOMER_NAME" />
        <property name="nameEnglish"        column="EN_COM_NAME" />
        <property name="zipCode"            column="ZIP_NO" />
        <property name="orderGroup"         column="ORD_GP" />
        <property name="regionCode"         column="REGION_CD" />
        <property name="regionName"         column="REGION_NAME" />
        <property name="cityCode"           column="CITY_CD" />
        <property name="cityName"           column="CITY_NAME" />
        <property name="cityAddress"        column="ADDRESS_IN_CTY" />
        <property name="cityAddressEnglish" column="EN_CTY_ADDRESS" />
        <property name="fullAddress"        column="ALL_ADDRESS" />
        <property name="fullAddressEnglish" column="EN_ALL_ADDRESS" />
        <property name="railwayStation"     column="RLWAY_STATION_CD" />
        <property name="numberINN"          column="INN" />
        <property name="numberOKPO"         column="OKPO" />
        <property name="numberOKONH"        column="OKONX" />
        <property name="numberOGRN"         column="OGRN" />
        <property name="numberKPP"          column="KPP" />
        <property name="statusCode"         column="STATUS_CD" />
        <property name="deleted"            column="DELETED" />
        <property name="modifyUser"         column="MODIFIER" />
        <property name="modifyDate"         column="MOD_DDTT" />
        <property name="registerUser"       column="REGISTER" />
        <property name="registerDate"       column="REG_DDTT" />

        <many-to-one name="country" class="ru.kzgroup.domain.dto.directories.CountryDto" lazy="false">
            <column name="COUNTRY_CD"/>
        </many-to-one>

        <!-- finished goods items for current customer -->
        <!--
        <set name="finishedGoods" table="TB_FINISHED_GOODS_ITEMS" inverse="true" lazy="true" fetch="select" cascade="none">
            <key>
                <column name="CUSTOMER_CD" />
            </key>
            <one-to-many class="ru.kzgroup.domain.dto.goods.FinishedGoodsItemDto" />
        </set>
        -->

        <!-- emails list for current customer -->
        <set name="emails" table="TB_DICT_CUSTOMERS_EMAILS" inverse="true" lazy="false" fetch="select" cascade="none">
            <key>
                <column name="CUSTOMER_CD"/>
            </key>
            <one-to-many class="ru.kzgroup.domain.dto.customers.CustomerEmailDto" />
        </set>

    </class>
</hibernate-mapping>