<?xml version="1.0"?>
<!DOCTYPE hibernate-mapping PUBLIC "-//Hibernate/Hibernate Mapping DTD//EN"
 "http://www.hibernate.org/dtd/hibernate-mapping-3.0.dtd">

<hibernate-mapping>
    <class name="ru.kzgroup.domain.dto.customers.CustomerEmailDto" table="TB_DICT_CUSTOMERS_EMAILS">
        <id       name="id"           column="ID"/>
        <property name="customerCode" column="CUSTOMER_CD"/>
        <property name="email"        column="EMAIL"/>
        <property name="useInMailing" column="PRODUCTION_AUTO_EMAIL"/>
        <property name="deleted"      column="DELETED" />
        <property name="modifyUser"   column="MODIFIER" />
        <property name="modifyDate"   column="MOD_DDTT" />
        <property name="registerUser" column="REGISTER" />
        <property name="registerDate" column="REG_DDTT" />
    </class>
</hibernate-mapping>