<?xml version="1.0"?>
<!DOCTYPE hibernate-mapping PUBLIC "-//Hibernate/Hibernate Mapping DTD//EN"
 "http://www.hibernate.org/dtd/hibernate-mapping-3.0.dtd">

<hibernate-mapping>
    <class name="ru.kzgroup.domain.dto.customers.CustomerDto" table="N0004101">
        <id       name="code"               column="EnterpriseCode"/>
        <property name="juridicalPhysical"  column="JuridicalPhysical"/>
        <property name="ownerTypeCode"      column="OwnerTypeCode" />
        <property name="abbreviation"       column="EnterpriseName" />
        <property name="name"               column="EnterpriseNameFull" />
        <property name="nameEnglish"        column="EnterpriseNameEngl" />
        <property name="zipCode"            column="ZipCode" />
        <property name="orderGroup"         column="OrderIndex" />
        <property name="regionCode"         column="RegionCode" />
        <property name="regionName"         column="RegionName" />
        <property name="cityCode"           column="CityCode" />
        <property name="cityName"           column="CityName" />
        <property name="cityAddress"        column="AddressInCity" />
        <property name="cityAddressEnglish" column="AddressEngl" />
        <property name="fullAddress"        column="AddressFull" />
        <property name="fullAddressEnglish" column="AddressEnglFull" />
        <property name="railwayStation"     column="RailWayCode" />
        <property name="numberINN"          column="INN" />
        <property name="numberOKPO"         column="OKPO" />
        <property name="numberOKONH"        column="OKONX" />
        <property name="numberOGRN"         column="OGRN" />
        <property name="numberKPP"          column="KPP" />
        <property name="statusCode"         column="StatusCode" />
        <!-- customer country information -->
        <many-to-one name="country" class="ru.kzgroup.domain.dto.directories.CountryDto" lazy="false">
            <column name="CountryCode"/>
        </many-to-one>

    </class>
</hibernate-mapping>