<?xml version="1.0"?>
<!DOCTYPE hibernate-mapping PUBLIC "-//Hibernate/Hibernate Mapping DTD//EN"
 "http://www.hibernate.org/dtd/hibernate-mapping-3.0.dtd">

<hibernate-mapping>
    <class name="ru.kzgroup.domain.dto.directories.DeliveryTermDto" table="TB_DICT_DELIVERY_TERMS">
        <id       name="lengthCode"     column="LENGTH_CODE"/>
        <property name="termName"       column="TERM_NAME"/>
        <property name="lengthFromFrom" column="LENGTHFROM_FROM"/>
        <property name="lengthFromTo"   column="LENGTHFROM_TO"/>
        <property name="lengthToFrom"   column="LENGTHTO_FROM"/>
        <property name="lengthToTo"     column="LENGTHTO_TO"/>
        <property name="deleted"        column="DELETED" />
        <property name="modifyUser"     column="MODIFIER" />
        <property name="modifyDate"     column="MOD_DDTT" />
        <property name="registerUser"   column="REGISTER" />
        <property name="registerDate"   column="REG_DDTT" />
    </class>
</hibernate-mapping>