<?xml version="1.0"?>
<!DOCTYPE hibernate-mapping PUBLIC "-//Hibernate/Hibernate Mapping DTD//EN"
 "http://www.hibernate.org/dtd/hibernate-mapping-3.0.dtd">

<hibernate-mapping>
    <class name="ru.kzgroup.domain.dto.directories.DeliveryTermDto" table="M117">
        <id       name="lengthCode"     column="`Код длины`"/>
        <property name="termName"       column="`Наим-е`"/>
        <property name="lengthFromFrom" column="`LengthFromFrom`"/>
        <property name="lengthFromTo"   column="`LengthFromTo`"/>
        <property name="lengthToFrom"   column="`LengthToFrom`"/>
        <property name="lengthToTo"     column="`LengthToTo`"/>
    </class>
</hibernate-mapping>