<?xml version="1.0"?>
<!DOCTYPE hibernate-mapping PUBLIC "-//Hibernate/Hibernate Mapping DTD//EN"
 "http://www.hibernate.org/dtd/hibernate-mapping-3.0.dtd">

<hibernate-mapping>
    <class name="ru.kzgroup.domain.dto.personnel.DepartmentN270102Dto" table="N270102">
        <!-- composite primary key -->
        <composite-id name="id" class="ru.kzgroup.domain.dto.personnel.DepartmentN270102DtoId">
            <key-property name="registeredShopNumber" column="RegShopNo" type="int"/>
            <key-property name="registeredDeptNumber" column="RegDepNo"  type="int"/>
        </composite-id>
        <property name="deptNumber" column="DepNo"/>
        <property name="shopNumber" column="ShopNo"/>
        <property name="fullName"   column="NameDepF" />
        <property name="shortName"  column="NameDepB"/>
    </class>
</hibernate-mapping>