<?xml version="1.0"?>
<!DOCTYPE hibernate-mapping PUBLIC "-//Hibernate/Hibernate Mapping DTD//EN"
 "http://www.hibernate.org/dtd/hibernate-mapping-3.0.dtd">

<hibernate-mapping>
    <class name="ru.kzgroup.domain.dto.personnel.DepartmentN270102Dto" table="TB_DEPARTMENTS_N270102">
        <!-- composite primary key -->
        <composite-id name="id" class="ru.kzgroup.domain.dto.personnel.DepartmentN270102DtoId">
            <key-property name="registeredShopNumber" column="REGISTERED_SHOP_NUMBER"  type="int"/>
            <key-property name="registeredDeptNumber" column="REGISTERED_DEPT_NUMBER"  type="int"/>
        </composite-id>
        <property name="deptNumber"   column="DEPT_NUMBER"/>
        <property name="shopNumber"   column="SHOP_NUMBER"/>
        <property name="fullName"     column="FULL_NAME" />
        <property name="shortName"    column="SHORT_NAME"/>
        <property name="deleted"      column="DELETED" />
        <property name="modifyUser"   column="MODIFIER" />
        <property name="modifyDate"   column="MOD_DDTT" />
        <property name="registerUser" column="REGISTER" />
        <property name="registerDate" column="REG_DDTT" />
    </class>
</hibernate-mapping>