<?xml version="1.0"?>
<!DOCTYPE hibernate-mapping PUBLIC "-//Hibernate/Hibernate Mapping DTD//EN"
 "http://www.hibernate.org/dtd/hibernate-mapping-3.0.dtd">

<hibernate-mapping>
    <class name="ru.kzgroup.domain.dto.personnel.DepartmentDto" table="TB_DEPARTMENTS">
        <id       name="id"           column="ID"/>
        <property name="deptCode"     column="DEPT_CODE"/>
        <property name="deptName"     column="DEPT_NAME" />
        <property name="alive"        column="IS_ALIVE" />
        <property name="deleted"      column="DELETED" />
        <property name="modifyUser"   column="MODIFIER" />
        <property name="modifyDate"   column="MOD_DDTT" />
        <property name="registerUser" column="REGISTER" />
        <property name="registerDate" column="REG_DDTT" />
    </class>
</hibernate-mapping>