<?xml version="1.0"?>
<!DOCTYPE hibernate-mapping PUBLIC "-//Hibernate/Hibernate Mapping DTD//EN"
 "http://www.hibernate.org/dtd/hibernate-mapping-3.0.dtd">

<hibernate-mapping>
    <class name="ru.kzgroup.domain.dto.personnel.EmployeeDto" table="TB_EMPLOYEES">
        <id       name="id"           column="ID"/>
        <property name="fullName"     column="FULL_NAME"/>
        <property name="deptId"       column="DEPTID" />
        <property name="birthDate"    column="BIRTH_DATE" />
        <property name="login"        column="LOGIN" />
        <property name="email"        column="EMAIL" />
        <property name="alive"        column="IS_ALIVE" />
        <property name="shortRusName" column="SHORT_RUS_NAME" />
        <property name="shortEngName" column="SHORT_ENG_NAME" />
        <property name="number"       column="EMP_NUMBER" />
        <property name="shopNumber"   column="SHOP_NUMBER" />
        <property name="deleted"      column="DELETED" />
        <property name="modifyUser"   column="MODIFIER" />
        <property name="modifyDate"   column="MOD_DDTT" />
        <property name="registerUser" column="REGISTER" />
        <property name="registerDate" column="REG_DDTT" />
    </class>
</hibernate-mapping>