<?xml version="1.0"?>
<!DOCTYPE hibernate-mapping PUBLIC "-//Hibernate/Hibernate Mapping DTD//EN"
 "http://www.hibernate.org/dtd/hibernate-mapping-3.0.dtd">

<hibernate-mapping>
    <class name="ru.kzgroup.domain.dto.directories.requirements.ExtraRequirementDto" table="M116">
        <id       name="reqCode"      column="`Код тр.`"/>
        <property name="reqFullName"  column="`Наимен.полное`"/>
        <property name="reqShortName" column="`Наимен.краткое`" />
        <property name="reqType"      column="`Type`"/>
        <property name="reqGroup"     column="`Group`" />

        <many-to-one name="extraReqWeight" class="ru.kzgroup.domain.dto.directories.requirements.ExtraRequirementWeightDto"
                     lazy="false" insert="false" update="false" not-null="false" not-found="ignore" unique="true">
            <column name="`Код тр.`"/>
        </many-to-one>

        <set name="extraReqChemistry" lazy="false" cascade="none">
            <key not-null="false">
                <column name="ExtraRequimentCode"/>
            </key>
            <one-to-many class="ru.kzgroup.domain.dto.directories.requirements.ExtraRequirementChemistryDto"/>
        </set>

    </class>
</hibernate-mapping>