<?xml version="1.0"?>
<!DOCTYPE hibernate-mapping PUBLIC "-//Hibernate/Hibernate Mapping DTD//EN"
 "http://www.hibernate.org/dtd/hibernate-mapping-3.0.dtd">

<hibernate-mapping>
    <class name="ru.kzgroup.domain.dto.directories.requirements.ExtraRequirementChemistryDto" table="M11601">
        <composite-id name="id" class="ru.kzgroup.domain.dto.directories.requirements.ExtraRequirementChemistryDtoId">
            <key-property name="reqCode"     column="ExtraRequimentCode"/>
            <key-property name="elementCode" column="ChemicalElementCode"/>
        </composite-id>
        <property name="minValue" column="MinValue"/>
        <property name="maxValue" column="MaxValue" />
    </class>
</hibernate-mapping>