<?xml version="1.0"?>
<!DOCTYPE hibernate-mapping PUBLIC "-//Hibernate/Hibernate Mapping DTD//EN"
 "http://www.hibernate.org/dtd/hibernate-mapping-3.0.dtd">

<hibernate-mapping>
    <class name="ru.kzgroup.domain.dto.directories.requirements.ExtraRequirementDto" table="TB_DICT_EXTRA_REQUIREMENTS">
        <id       name="reqCode"      column="REQ_CODE"/>
        <property name="reqFullName"  column="REQ_NAME_FULL"/>
        <property name="reqShortName" column="REQ_NAME_SHORT" />
        <property name="reqType"      column="REQ_TYPE"/>
        <property name="reqGroup"     column="REQ_GROUP" />
        <property name="deleted"      column="DELETED" />
        <property name="modifyUser"   column="MODIFIER" />
        <property name="modifyDate"   column="MOD_DDTT" />
        <property name="registerUser" column="REGISTER" />
        <property name="registerDate" column="REG_DDTT" />
    </class>
</hibernate-mapping>