<?xml version="1.0"?>
<!DOCTYPE hibernate-mapping PUBLIC "-//Hibernate/Hibernate Mapping DTD//EN"
 "http://www.hibernate.org/dtd/hibernate-mapping-3.0.dtd">

<hibernate-mapping>
    <class name="ru.kzgroup.domain.dto.directories.requirements.ExtraRequirementChemistryDto" table="TB_DICT_EXTRA_REQS_CHEMISTRY">
        <composite-id name="id" class="ru.kzgroup.domain.dto.directories.requirements.ExtraRequirementChemistryDtoId">
            <key-property name="reqCode"     column="REQ_CODE"/>
            <key-property name="elementCode" column="ELEMENT_CODE"/>
        </composite-id>
        <property name="minValue"     column="REQ_MIN_VALUE"/>
        <property name="maxValue"     column="REQ_MAX_VALUE" />
        <property name="deleted"      column="DELETED" />
        <property name="modifyUser"   column="MODIFIER" />
        <property name="modifyDate"   column="MOD_DDTT" />
        <property name="registerUser" column="REGISTER" />
        <property name="registerDate" column="REG_DDTT" />
    </class>
</hibernate-mapping>