<?xml version="1.0"?>
<!DOCTYPE hibernate-mapping PUBLIC "-//Hibernate/Hibernate Mapping DTD//EN"
 "http://www.hibernate.org/dtd/hibernate-mapping-3.0.dtd">

<hibernate-mapping>
    <class name="ru.kzgroup.domain.dto.directories.MaterialDto" table="TB_PM_SCRAP_CODE_STD">
        <id       name="code"         column="RAW_MATERIAL_CD"/>
        <property name="name"         column="RAW_MATERIAL_NAME"/>
        <property name="typeCode"     column="RAW_MATERIAL_CLASS_CD" />
        <property name="deleted"      column="DELETED" />
        <property name="modifyUser"   column="MODIFIER" />
        <property name="modifyDate"   column="MOD_DDTT" />
        <property name="registerUser" column="REGISTER" />
        <property name="registerDate" column="REG_DDTT" />
    </class>
</hibernate-mapping>