<?xml version="1.0"?>
<!DOCTYPE hibernate-mapping PUBLIC "-//Hibernate/Hibernate Mapping DTD//EN"
 "http://www.hibernate.org/dtd/hibernate-mapping-3.0.dtd">

<hibernate-mapping>
    <class name="ru.kzgroup.domain.dto.directories.productionKind.ProductionKindCodeDto" table="M112">
        <!-- composite ID -->
        <composite-id name="id" class="ru.kzgroup.domain.dto.directories.productionKind.ProductionKindCodeDtoId">
            <key-property name="stlGradeCodeFrom" column="`Код марки от`"/>
            <key-property name="stlGradeCodeTo"   column="`Код марки до`"/>
            <key-property name="sectionCode"      column="`Код профиля`"/>
            <key-property name="size1"            column="`Размер 1`"/>
        </composite-id>
        <property name="size2"           column="`Размер 2`"/>
        <property name="kindCode"        column="`Код вида прод.`"/>
        <property name="additionalCode1" column="`Доп.код 1`"/>
        <property name="additionalCode2" column="`Доп.код 2`"/>
    </class>
</hibernate-mapping>