<?xml version="1.0"?>
<!DOCTYPE hibernate-mapping PUBLIC "-//Hibernate/Hibernate Mapping DTD//EN"
 "http://www.hibernate.org/dtd/hibernate-mapping-3.0.dtd">

<hibernate-mapping>
    <class name="ru.kzgroup.domain.dto.directories.productionKind.ProductionKindCodeDto" table="TB_DICT_PRODUCTION_KIND_CODE">
        <!-- composite ID -->
        <composite-id name="id" class="ru.kzgroup.domain.dto.directories.productionKind.ProductionKindCodeDtoId">
            <key-property name="stlGradeCodeFrom" column="STL_GRADE_CODE_FROM"/>
            <key-property name="stlGradeCodeTo"   column="STL_GRADE_CODE_TO"/>
            <key-property name="sectionCode"      column="SECTION_CODE"/>
            <key-property name="size1"            column="SIZE1"/>
        </composite-id>
        <property name="size2"           column="SIZE2"/>
        <property name="kindCode"        column="PRODUCTION_KIND_CODE"/>
        <property name="additionalCode1" column="ADDITIONAL_CODE1"/>
        <property name="additionalCode2" column="ADDITIONAL_CODE2"/>
        <property name="deleted"         column="DELETED" />
        <property name="modifyUser"      column="MODIFIER" />
        <property name="modifyDate"      column="MOD_DDTT" />
        <property name="registerUser"    column="REGISTER" />
        <property name="registerDate"    column="REG_DDTT" />
    </class>
</hibernate-mapping>