<?xml version="1.0"?>
<!DOCTYPE hibernate-mapping PUBLIC "-//Hibernate/Hibernate Mapping DTD//EN"
 "http://www.hibernate.org/dtd/hibernate-mapping-3.0.dtd">

<hibernate-mapping>
    <class name="ru.kzgroup.domain.dto.directories.RailwayStationDto" table="TB_DICT_RAILWAY_STATIONS">
        <id       name="stationCode"  column="STATION_CD"/>
        <property name="stationName"  column="STATION_NAME"/>
        <property name="railwayCode"  column="RAILWAY_CD"/>
        <property name="distanceTo"   column="DISTANCE_TO"/>
        <property name="deleted"      column="DELETED" />
        <property name="modifyUser"   column="MODIFIER" />
        <property name="modifyDate"   column="MOD_DDTT" />
        <property name="registerUser" column="REGISTER" />
        <property name="registerDate" column="REG_DDTT" />
    </class>
</hibernate-mapping>