<?xml version="1.0"?>
<!DOCTYPE hibernate-mapping PUBLIC "-//Hibernate/Hibernate Mapping DTD//EN"
 "http://www.hibernate.org/dtd/hibernate-mapping-3.0.dtd">

<hibernate-mapping>
    <class name="ru.kzgroup.domain.dto.directories.regions.RegionDto" table="N0004006">
        <!-- composite ID -->
        <composite-id name="id" class="ru.kzgroup.domain.dto.directories.regions.RegionDtoId">
            <key-property name="countryCode" column="CountryCode" type="int"/>
            <key-property name="regionCode"  column="RegionCode" type="int"/>
        </composite-id>
        <property name="name"         column="RegionName"/>
        <property name="capitalName"  column="CapitalName" />
        <property name="useInAddress" column="UseInAddress"/>
        <property name="statusCode"   column="StatusCode"/>
    </class>
</hibernate-mapping>