<?xml version="1.0"?>
<!DOCTYPE hibernate-mapping PUBLIC "-//Hibernate/Hibernate Mapping DTD//EN"
 "http://www.hibernate.org/dtd/hibernate-mapping-3.0.dtd">

<hibernate-mapping>
    <class name="ru.kzgroup.domain.dto.directories.regions.RegionDto" table="TB_DICT_REGION">
        <!-- composite ID -->
        <composite-id name="id" class="ru.kzgroup.domain.dto.directories.regions.RegionDtoId">
            <key-property name="countryCode" column="COUNTRY_CODE" type="int"/>
            <key-property name="regionCode"  column="CODE" type="int"/>
        </composite-id>
        <property name="name"         column="NAME"/>
        <property name="capitalName"  column="CAPITAL_NAME" />
        <property name="useInAddress" column="USE_IN_ADDRESS"/>
        <property name="statusCode"   column="STATUS_CODE"/>
        <property name="deleted"      column="DELETED" />
        <property name="modifyUser"   column="MODIFIER" />
        <property name="modifyDate"   column="MOD_DDTT" />
        <property name="registerUser" column="REGISTER" />
        <property name="registerDate" column="REG_DDTT" />
    </class>
</hibernate-mapping>