<?xml version="1.0"?>
<!DOCTYPE hibernate-mapping PUBLIC "-//Hibernate/Hibernate Mapping DTD//EN"
 "http://www.hibernate.org/dtd/hibernate-mapping-3.0.dtd">

<hibernate-mapping>
    <class name="ru.kzgroup.domain.dto.directories.SectionDto" table="TB_SM_SECTION">
        <id       name="code"         column="SECTION_CD"/>
        <property name="name"         column="SECTION_NAME"/>
        <!-- update and insert -> false, because we don't need update (rewrite) this fields from Paradox! -->
        <property name="nameEnglish"  column="SECTION_NAME_ENGL" update="false" insert="false"/>
        <property name="type"         column="SECTION_TYPE" update="false" insert="false"/>
        <property name="deleted"      column="DELETED" />
        <property name="modifyUser"   column="MODIFIER" />
        <property name="modifyDate"   column="MOD_DDTT" />
        <property name="registerUser" column="REGISTER" />
        <property name="registerDate" column="REG_DDTT" />
    </class>
</hibernate-mapping>