<?xml version="1.0"?>
<!DOCTYPE hibernate-mapping PUBLIC "-//Hibernate/Hibernate Mapping DTD//EN"
 "http://www.hibernate.org/dtd/hibernate-mapping-3.0.dtd">

<hibernate-mapping>
    <class name="ru.kzgroup.domain.dto.directories.StandardDto" table="TB_QM_STANDARD">
        <id       name="code"         column="STANDARD_CD"/>
        <property name="kindCode"     column="STANDARD_KIND_CD" />
        <property name="name"         column="STANDARD_NAME"/>
        <property name="year"         column="STANDARD_YEAR" />
        <property name="deleted"      column="DELETED" />
        <property name="modifyUser"   column="MODIFIER" />
        <property name="modifyDate"   column="MOD_DDTT" />
        <property name="registerUser" column="REGISTER" />
        <property name="registerDate" column="REG_DDTT" />
    </class>
</hibernate-mapping>