<?xml version="1.0"?>
<!DOCTYPE hibernate-mapping PUBLIC "-//Hibernate/Hibernate Mapping DTD//EN"
 "http://www.hibernate.org/dtd/hibernate-mapping-3.0.dtd">

<hibernate-mapping>
    <class name="ru.kzgroup.domain.dto.directories.SteelGradeGroupTypeDto" table="TB_QM_STL_GRADE_GRP_TYPE">
        <id       name="groupTypeCode"       column="GRP_TYPE_CD"/>
        <property name="groupTypeName"       column="GRP_TYPE_NAME"/>
        <property name="groupTypeCodeCommon" column="GRP_TYPE_CD_COMMON" />
        <property name="groupTypeNameCommon" column="GRP_TYPE_NAME_COMMON" />
        <property name="deleted"             column="DELETED" />
        <property name="modifyUser"          column="MODIFIER" />
        <property name="modifyDate"          column="MOD_DDTT" />
        <property name="registerUser"        column="REGISTER" />
        <property name="registerDate"        column="REG_DDTT" />
    </class>
</hibernate-mapping>