<?xml version="1.0"?>
<!DOCTYPE hibernate-mapping PUBLIC "-//Hibernate/Hibernate Mapping DTD//EN"
 "http://www.hibernate.org/dtd/hibernate-mapping-3.0.dtd">

<hibernate-mapping>
    <class name="ru.kzgroup.domain.dto.directories.SteelGradeDto" table="TB_QM_STL_GRADE">
        <id       name="code"         column="STLGRADE_CD"/>
        <property name="name"         column="STLGRADE_NAME"/>
        <property name="group1"       column="STLGRADE_GRP1" />
        <property name="deleted"      column="DELETED" />
        <property name="modifyUser"   column="MODIFIER" />
        <property name="modifyDate"   column="MOD_DDTT" />
        <property name="registerUser" column="REGISTER" />
        <property name="registerDate" column="REG_DDTT" />
    </class>
</hibernate-mapping>