<?xml version="1.0"?>
<!DOCTYPE hibernate-mapping PUBLIC "-//Hibernate/Hibernate Mapping DTD//EN"
 "http://www.hibernate.org/dtd/hibernate-mapping-3.0.dtd">

<hibernate-mapping>
    <class name="ru.kzgroup.domain.dto.directories.SteelGradeGroupDto" table="TB_QM_STL_GRADE_GRP">
        <id       name="code"           column="STLGRADE_GRP_CD"/>
        <property name="name"           column="STLGRADE_GRP_NAME"/>
        <property name="factor350"      column="FACTOR_350" />
        <property name="factor900"      column="FACTOR_900" />
        <property name="factor"         column="FACTOR" />
        <property name="salesGroupCode" column="SALES_GROUP_CD" />
        <property name="deleted"        column="DELETED" />
        <property name="modifyUser"     column="MODIFIER" />
        <property name="modifyDate"     column="MOD_DDTT" />
        <property name="registerUser"   column="REGISTER" />
        <property name="registerDate"   column="REG_DDTT" />
    </class>
</hibernate-mapping>