<?xml version="1.0"?>
<!DOCTYPE hibernate-mapping PUBLIC "-//Hibernate/Hibernate Mapping DTD//EN"
 "http://www.hibernate.org/dtd/hibernate-mapping-3.0.dtd">

<hibernate-mapping>
    <class name="ru.kzgroup.domain.dto.directories.SteelGradeGroupDto" table="F10004">
        <id       name="code"           column="`Группа`"/>
        <property name="name"           column="`Наименование_группы`"/>
        <property name="factor350"      column="`Коэф.350`" />
        <property name="factor900"      column="`Коэф.900`" />
        <property name="factor"         column="`Коэф.тр.`" />
        <property name="salesGroupCode" column="`КодГрПрод`" />
    </class>
</hibernate-mapping>