<?xml version="1.0"?>
<!DOCTYPE hibernate-mapping PUBLIC "-//Hibernate/Hibernate Mapping DTD//EN"
 "http://www.hibernate.org/dtd/hibernate-mapping-3.0.dtd">

<hibernate-mapping>
    <class name="ru.kzgroup.domain.dto.directories.characteristics.TechCharacteristicDto" table="TB_DICT_TECH_CHARACTERS">
        <!-- composite ID -->
        <composite-id name="id" class="ru.kzgroup.domain.dto.directories.characteristics.TechCharacteristicDtoId">
            <key-property name="productionCode"      column="PRODUCTION_CODE"/>
            <key-property name="characteristicCode"  column="CHARACTERISTIC_CODE"/>
        </composite-id>
        <property name="deleted"      column="DELETED" />
        <property name="modifyUser"   column="MODIFIER" />
        <property name="modifyDate"   column="MOD_DDTT" />
        <property name="registerUser" column="REGISTER" />
        <property name="registerDate" column="REG_DDTT" />

        <!-- extra requirements objects -->
        <many-to-one name="requirement1" class="ru.kzgroup.domain.dto.directories.requirements.ExtraRequirementDto"
                     lazy="false" unique="true" not-found="ignore" cascade="none">
            <column name="REQUIREMENT_1"/>
        </many-to-one>
        <many-to-one name="requirement2" class="ru.kzgroup.domain.dto.directories.requirements.ExtraRequirementDto"
                     lazy="false" unique="true" not-found="ignore" cascade="none">
            <column name="REQUIREMENT_2"/>
        </many-to-one>
        <many-to-one name="requirement3" class="ru.kzgroup.domain.dto.directories.requirements.ExtraRequirementDto"
                     lazy="false" unique="true" not-found="ignore" cascade="none">
            <column name="REQUIREMENT_3"/>
        </many-to-one>
        <many-to-one name="requirement4" class="ru.kzgroup.domain.dto.directories.requirements.ExtraRequirementDto"
                     lazy="false" unique="true" not-found="ignore">
            <column name="REQUIREMENT_4"/>
        </many-to-one>

    </class>
</hibernate-mapping>