<?xml version="1.0"?>
<!DOCTYPE hibernate-mapping PUBLIC "-//Hibernate/Hibernate Mapping DTD//EN"
 "http://www.hibernate.org/dtd/hibernate-mapping-3.0.dtd">

<hibernate-mapping>
    <class name="ru.kzgroup.domain.dto.directories.characteristics.TechCharacteristicDto" table="M115">
        <!-- composite ID -->
        <composite-id name="id" class="ru.kzgroup.domain.dto.directories.characteristics.TechCharacteristicDtoId">
            <key-property name="productionCode"      column="`Код вида прод.`"/>
            <key-property name="characteristicCode"  column="`Код ТХ`"/>
        </composite-id>
        <!-- extra requirements objects -->
        <many-to-one name="requirement1" class="ru.kzgroup.domain.dto.directories.requirements.ExtraRequirementDto"
                     lazy="false" unique="true" not-found="ignore" cascade="none">
            <column name="`Доп.тр.1`"/>
        </many-to-one>
        <many-to-one name="requirement2" class="ru.kzgroup.domain.dto.directories.requirements.ExtraRequirementDto"
                     lazy="false" unique="true" not-found="ignore" cascade="none">
            <column name="`Доп.тр.2`"/>
        </many-to-one>
        <many-to-one name="requirement3" class="ru.kzgroup.domain.dto.directories.requirements.ExtraRequirementDto"
                     lazy="false" unique="true" not-found="ignore" cascade="none">
            <column name="`Доп.тр.3`"/>
        </many-to-one>
        <many-to-one name="requirement4" class="ru.kzgroup.domain.dto.directories.requirements.ExtraRequirementDto"
                     lazy="false" unique="true" not-found="ignore" cascade="none">
            <column name="`Доп.тр.4`"/>
        </many-to-one>

    </class>
</hibernate-mapping>