<?xml version="1.0"?>
<!DOCTYPE hibernate-mapping PUBLIC "-//Hibernate/Hibernate Mapping DTD//EN"
 "http://www.hibernate.org/dtd/hibernate-mapping-3.0.dtd">

<hibernate-mapping>
    <class name="ru.kzgroup.domain.dto.directories.TerritoryDto" table="TB_DICT_TERRITORY">
        <id       name="code"         column="CODE"/>
        <property name="name"         column="NAME"/>
        <property name="codeCSU"      column="CODE_CSU" />
        <property name="regionCode"   column="REGION_CODE" />
        <property name="customsGroup" column="CUSTOMS_GROUP" />
        <property name="countryGroup" column="COUNTRY_GROUP" />
        <property name="countryCode"  column="COUNTRY_CODE" />
        <property name="deleted"      column="DELETED" />
        <property name="modifyUser"   column="MODIFIER" />
        <property name="modifyDate"   column="MOD_DDTT" />
        <property name="registerUser" column="REGISTER" />
        <property name="registerDate" column="REG_DDTT" />
    </class>
</hibernate-mapping>