<?xml version="1.0"?>
<!DOCTYPE hibernate-mapping PUBLIC "-//Hibernate/Hibernate Mapping DTD//EN"
 "http://www.hibernate.org/dtd/hibernate-mapping-3.0.dtd">

<hibernate-mapping>
    <class name="ru.kzgroup.domain.dto.directories.TerritoryDto" table="F96008">
        <id       name="code"         column="КодТерритории"/>
        <property name="name"         column="НаименованиеТерр"/>
        <property name="codeCSU"      column="КодЦСУ" />
        <property name="regionCode"   column="КодРегиона" />
        <property name="customsGroup" column="ТаможГруппа" />
        <property name="countryGroup" column="ГруппаСтран" />
        <property name="countryCode"  column="КодСтраны" />
    </class>
</hibernate-mapping>