<?xml version="1.0"?>
<!DOCTYPE hibernate-mapping PUBLIC "-//Hibernate/Hibernate Mapping DTD//EN"
 "http://www.hibernate.org/dtd/hibernate-mapping-3.0.dtd">

<hibernate-mapping>
    <class name="ru.kzgroup.domain.dto.scrap.FurnaceChargeDto" table="D8015009">
        <!-- composite ID -->
        <composite-id name="id" class="ru.kzgroup.domain.dto.scrap.FurnaceChargeDtoId">
            <key-property name="meltNumber"     column="MeltNo"/>
            <key-property name="scrapTypeCode"  column="MatKindCode"/>
            <key-property name="steelGradeCode" column="MarkCode"/>
            <key-property name="scrapCode"      column="MatCode"/>
            <key-property name="stringCode"     column="StringNo"/>
        </composite-id>
        <property name="shift"               column="Shift"/>
        <property name="clockNumber"         column="ClockNumber1"/>
        <property name="weight"              column="Weight"/>
        <property name="steelGradeGroupCode" column="GroupMarkCode"/>
        <property name="akos"                column="AKOS"/>
        <property name="meltDate"            column="MeltDate"/>
    </class>
</hibernate-mapping>