<?xml version="1.0"?>
<!DOCTYPE hibernate-mapping PUBLIC "-//Hibernate/Hibernate Mapping DTD//EN"
 "http://www.hibernate.org/dtd/hibernate-mapping-3.0.dtd">

<hibernate-mapping>
    <class name="ru.kzgroup.domain.dto.scrap.FurnaceChargeAuditDto" table="TB_ARM_D8015009_AUDIT">
        <!-- auto generated identity (from sequence) -->
        <id name="id" column="ID">
            <generator class="sequence">
                <param name="sequence">SEQ_TB_ARM_D8015009_AUDIT</param>
            </generator>
        </id>
        <property name="action"              column="ACTION" />
        <property name="meltNumber"          column="MELT_NUMBER"/>
        <property name="scrapTypeCode"       column="SCRAP_GROUP_CD"/>
        <!--<property name="steelGradeCode"      column="STEEL_GRADE_CD"/>-->
        <!--<property name="scrapCode"           column="SCRAP_CD"/>-->
        <property name="stringCode"          column="STRING_NUMBER"/>
        <property name="shift"               column="SHIFT"/>
        <property name="clockNumber"         column="CLOCK_NUMBER"/>
        <property name="weight"              column="WEIGHT"/>
        <property name="steelGradeGroupCode" column="STEEL_GRADE_GROUP_CD"/>
        <property name="akos"                column="AKOS"/>
        <property name="meltDate"            column="MELT_DATE"/>
        <property name="deleted"             column="DELETED" />
        <property name="modifyUser"          column="MODIFIER" />
        <property name="modifyDate"          column="MOD_DDTT" />
        <property name="registerUser"        column="REGISTER" />
        <property name="registerDate"        column="REG_DDTT" />
        <many-to-one name="material" class="ru.kzgroup.domain.dto.directories.MaterialDto" lazy="false">
            <column name="SCRAP_CD"/>
        </many-to-one>
        <many-to-one name="steelGrade" class="ru.kzgroup.domain.dto.directories.SteelGradeDto" lazy="false">
            <column name="STEEL_GRADE_CD"/>
        </many-to-one>
    </class>
</hibernate-mapping>