<?xml version="1.0"?>
<!DOCTYPE hibernate-mapping PUBLIC "-//Hibernate/Hibernate Mapping DTD//EN"
 "http://www.hibernate.org/dtd/hibernate-mapping-3.0.dtd">

<hibernate-mapping>
    <class name="ru.kzgroup.domain.dto.scrap.FurnaceChargeDto" table="TB_ARM_D8015009">
        <!-- composite ID -->
        <composite-id name="id" class="ru.kzgroup.domain.dto.scrap.FurnaceChargeDtoId">
            <key-property name="meltNumber"     column="MELT_NUMBER"/>
            <key-property name="scrapTypeCode"  column="SCRAP_GROUP_CD"/>
            <key-property name="steelGradeCode" column="STEEL_GRADE_CD"/>
            <key-property name="scrapCode"      column="SCRAP_CD"/>
            <key-property name="stringCode"     column="STRING_NUMBER"/>
        </composite-id>
        <property name="shift"               column="SHIFT"/>
        <property name="clockNumber"         column="CLOCK_NUMBER"/>
        <property name="weight"              column="WEIGHT"/>
        <property name="steelGradeGroupCode" column="STEEL_GRADE_GROUP_CD"/>
        <property name="akos"                column="AKOS"/>
        <property name="meltDate"            column="MELT_DATE"/>
        <property name="deleted"             column="DELETED" />
        <property name="modifyUser"          column="MODIFIER" />
        <property name="modifyDate"          column="MOD_DDTT" />
        <property name="registerUser"        column="REGISTER" />
        <property name="registerDate"        column="REG_DDTT" />
        <!---->
        <many-to-one name="material" class="ru.kzgroup.domain.dto.directories.MaterialDto"
                     lazy="false" insert="false" update="false">
            <column name="SCRAP_CD"/>
        </many-to-one>
        <!---->
        <many-to-one name="steelGrade" class="ru.kzgroup.domain.dto.directories.SteelGradeDto"
                     lazy="false" insert="false" update="false">
            <column name="STEEL_GRADE_CD"/>
        </many-to-one>
        <!-- changes for current object (set of audit objects) -->
        <set name="changes" lazy="true" cascade="none" outer-join="true" order-by="MELT_DATE asc" inverse="true">
            <!-- same columns as current primary key -->
            <key>
                <column name="MELT_NUMBER"/>
                <column name="SCRAP_GROUP_CD"/>
                <column name="STEEL_GRADE_CD"/>
                <column name="SCRAP_CD" />
                <column name="STRING_NUMBER" />
            </key>
            <one-to-many class="ru.kzgroup.domain.dto.scrap.FurnaceChargeAuditDto"/>
        </set>
    </class>
</hibernate-mapping>