<?xml version="1.0" encoding="UTF-8"?>
<beans xmlns="http://www.springframework.org/schema/beans" xmlns:xsi="http://www.w3.org/2001/XMLSchema-instance"
       xmlns:context="http://www.springframework.org/schema/context" xmlns:tx="http://www.springframework.org/schema/tx"
       xmlns:jdbc="http://www.springframework.org/schema/jdbc" xmlns:util="http://www.springframework.org/schema/util"
       xmlns:jpa="http://www.springframework.org/schema/data/jpa"
       xsi:schemaLocation="http://www.springframework.org/schema/beans    http://www.springframework.org/schema/beans/spring-beans.xsd
                           http://www.springframework.org/schema/context  http://www.springframework.org/schema/context/spring-context.xsd
                           http://www.springframework.org/schema/tx       http://www.springframework.org/schema/tx/spring-tx.xsd
                           http://www.springframework.org/schema/jdbc     http://www.springframework.org/schema/jdbc/spring-jdbc.xsd
                           http://www.springframework.org/schema/util     http://www.springframework.org/schema/util/spring-util.xsd
                           http://www.springframework.org/schema/data/jpa http://www.springframework.org/schema/data/jpa/spring-jpa.xsd">


    <!-- Spring controlled Hibernate transaction manager (bean) for Oracle database -->
    <bean id="oraTXManager" class="org.springframework.orm.hibernate4.HibernateTransactionManager">
        <property name="sessionFactory" ref="oraSpringSessionFactory_COMMON"/>
    </bean>
    <!--
     Annotation driven transaction manager config for Oracle (annotation @Transactional for classes/methods).
     (enables the Hibernate @Transactional programming model)
    -->
    <tx:annotation-driven transaction-manager="oraTXManager" proxy-target-class="true"/>

    <!-- the transactional advice (what 'happens') - config for transactions usage -->
    <tx:advice id="txAdvice" transaction-manager="oraTXManager">
        <tx:attributes>
            <!-- all methods starting with 'get' are read-only -->
            <!--<tx:method name="get*" read-only="true"/>-->
            <!-- all methods use the default transaction settings -->
            <tx:method name="*"/>
        </tx:attributes>
    </tx:advice>

    <!--
         Spring controlled datasource bean - datasource with Apache DBCP database connection pooling. This is
         "COMMON" datasource used for connecting to Oracle DBMS. Some session factories (Spring+Hibernate) and
         JDBC Templates (Spring) are based on this data source for interacting with Oracle. This is the only point for
         Oracle DBMS connecting (MES database).
     -->
    <bean id="oraSpringDBCPDataSource_COMMON" class="org.apache.commons.dbcp.BasicDataSource" destroy-method="close">
        <property name="driverClassName" value="${oracle.jdbc.driver}"/>
        <property name="url" value="${oracle.jdbc.url.start}${oracle.jdbc.url.host}/${oracle.jdbc.url.service}"/>
        <property name="username" value="${oracle.user}"/>
        <property name="password" value="${oracle.pass}"/>
        <property name="maxActive" value="50"/>
        <property name="minIdle" value="5"/>
        <property name="validationQuery" value="SELECT 1 FROM DUAL"/>
        <property name="initialSize" value="10"/>
        <property name="testOnReturn" value="true"/>
        <property name="testOnBorrow" value="true"/>
        <property name="logAbandoned" value="true"/>
        <property name="testWhileIdle" value="true"/>
    </bean>

    <!-- Spring controlled bean - data source with c3p0 database connection pooling controlled by Spring -->
    <!--
        <bean id="oraSpringC3P0DataSource" class="com.mchange.v2.c3p0.ComboPooledDataSource" destroy-method="close">
            <property name="driverClass" value="${oracle.jdbc.driver}" />
            <property name="jdbcUrl"     value="${oracle.jdbc.url}" />
            <property name="user"        value="${oracle.user}" />
            <property name="password"    value="${oracle.pass}" />
            <property name="minPoolSize"              value="1"/>
            <property name="maxPoolSize"              value="50"/>
            <property name="maxIdleTime"              value="300"/>
            <property name="maxStatements"            value="50"/>
            <property name="idleConnectionTestPeriod" value="60"/>
            <property name="checkoutTimeout"          value="60"/>
            <property name="preferredTestQuery"       value="SELECT 1 FROM DUAL"/>
            <property name="testConnectionOnCheckin"  value="true"/>
            <property name="testConnectionOnCheckout" value="true"/>
            <property name="debugUnreturnedConnectionStackTraces" value="true" />
        </bean>
        -->

    <!--
      Hibernate session factory bean with Spring controlled pooled datasource (Oracle). This is "COMMON"
      session factory for connecting to Oracle database.
     -->

    <bean id="oraSpringSessionFactory_COMMON" class="org.springframework.orm.hibernate4.LocalSessionFactoryBean">
        <!--<property name="dataSource" ref="oraSpringC3P0DataSource" />-->
        <property name="dataSource" ref="oraSpringDBCPDataSource_COMMON"/>
        <!-- Here (in file hibernate.cfg.xml) we can't use placeholders from .properties file -->
        <!--<property name="configLocation" value="classpath:spring/hibernate.cfg.xml"/>-->
        <property name="packagesToScan" value="ru.kzgroup"/>
        <!-- Here we can use placeholders ${zzz} from .properties file -->
        <property name="hibernateProperties">
            <props>
                <prop key="hibernate.dialect">${hibernate.oracle.dialect}</prop>
                <prop key="hibernate.show_sql">${hibernate.show_sql}</prop>
                <prop key="hibernate.format_sql">${hibernate.format_sql}</prop>
            </props>
        </property>
        <!-- interceptor for entity actions/events -->
        <!--
        <property name="entityInterceptor">
            <bean class="ru.kzgroup.dataMiner.audit.AuditLogInterceptor"/>
        </property>
        -->

        <!--<listener class="org.hibernate.envers.event.AuditEventListener" type="post-insert"/>-->
        <!--<listener class="org.hibernate.envers.event.AuditEventListener" type="post-update"/>-->
        <!--<listener class="org.hibernate.envers.event.AuditEventListener" type="post-delete"/>-->
        <!--<listener class="org.hibernate.envers.event.AuditEventListener" type="pre-collection-update"/>-->
        <!--<listener class="org.hibernate.envers.event.AuditEventListener" type="pre-collection-remove"/>-->
        <!--<listener class="org.hibernate.envers.event.AuditEventListener" type="post-collection-recreate"/>-->

        <!-- Hibernate mappings -->
        <property name="mappingResources">
            <list>
                <!-- contracts mappings -->
                <value>ru/kzgroup/domain/dto/contracts/ContractDto_ORA.hbm.xml</value>
                <value>ru/kzgroup/domain/dto/contracts/ContractTypeDto_ORA.hbm.xml</value>
                <value>ru/kzgroup/domain/dto/contracts/RoleTypeDto_ORA.hbm.xml</value>
                <value>ru/kzgroup/domain/dto/contracts/SubjectTypeDto_ORA.hbm.xml</value>
                <!-- directories mappings -->
                <value>ru/kzgroup/domain/dto/directories/SteelGradeDto_ORA.hbm.xml</value>
                <value>ru/kzgroup/domain/dto/directories/SteelGradeGroupDto_ORA.hbm.xml</value>
                <value>ru/kzgroup/domain/dto/directories/SteelGradeGroupTypeDto_ORA.hbm.xml</value>
                <value>ru/kzgroup/domain/dto/directories/SectionDto_ORA.hbm.xml</value>
                <value>ru/kzgroup/domain/dto/directories/StandardDto_ORA.hbm.xml</value>
                <value>ru/kzgroup/domain/dto/directories/StandardTypeDto_ORA.hbm.xml</value>
                <value>ru/kzgroup/domain/dto/directories/CityDto_ORA.hbm.xml</value>
                <value>ru/kzgroup/domain/dto/directories/MarkingDto_ORA.hbm.xml</value>
                <value>ru/kzgroup/domain/dto/directories/CountryDto_ORA.hbm.xml</value>
                <value>ru/kzgroup/domain/dto/directories/MaterialDto_ORA.hbm.xml</value>
                <value>ru/kzgroup/domain/dto/directories/RailwayStationDto_ORA.hbm.xml</value>
                <value>ru/kzgroup/domain/dto/directories/DeliveryTermDto_ORA.hbm.xml</value>
                <value>ru/kzgroup/domain/dto/directories/TechCharacteristicDto_ORA.hbm.xml</value>
                <value>ru/kzgroup/domain/dto/directories/ProductionKindCodeDto_ORA.hbm.xml</value>
                <value>ru/kzgroup/domain/dto/directories/ShipmentTypeDto_ORA.hbm.xml</value>
                <!-- extra requirements (for orders) -->
                <value>ru/kzgroup/domain/dto/directories/ExtraRequirementDto_ORA.hbm.xml</value>
                <value>ru/kzgroup/domain/dto/directories/ExtraRequirementWeightDto_ORA.hbm.xml</value>
                <value>ru/kzgroup/domain/dto/directories/ExtraRequirementChemistryDto_ORA.hbm.xml</value>
                <value>ru/kzgroup/domain/dto/directories/CurrencyDto_ORA.hbm.xml</value>
                <value>ru/kzgroup/domain/dto/directories/RegionDto_ORA.hbm.xml</value>
                <value>ru/kzgroup/domain/dto/directories/TerritoryDto_ORA.hbm.xml</value>
                <value>ru/kzgroup/domain/dto/directories/MechTestModeDto_ORA.hbm.xml</value>
                <value>ru/kzgroup/domain/dto/directories/MacroQualityCodeDto_ORA.hbm.xml</value>
                <value>ru/kzgroup/domain/dto/directories/AdditionalMechTestDto_ORA.hbm.xml</value>
                <value>ru/kzgroup/domain/dto/scrap/FurnaceChargeDto_ORA.hbm.xml</value>
                <value>ru/kzgroup/domain/dto/scrap/FurnaceChargeAuditDto_ORA.hbm.xml</value>
                <!-- personnel mappings -->
                <value>ru/kzgroup/domain/dto/directories/DepartmentDto_ORA.hbm.xml</value>
                <value>ru/kzgroup/domain/dto/directories/EmployeeDto_ORA.hbm.xml</value>
                <value>ru/kzgroup/domain/dto/directories/DepartmentN270102Dto_ORA.hbm.xml</value>
                <!-- work data mappings -->
                <value>ru/kzgroup/domain/dto/goods/FinishedGoodsItemDto_ORA.hbm.xml</value>
                <!-- raw tables -->
                <value>ru/kzgroup/domain/dto/rawTables/N01100Dto_ORA.hbm.xml</value>
                <value>ru/kzgroup/domain/dto/rawTables/D8001130Dto_ORA.hbm.xml</value>
                <value>ru/kzgroup/domain/dto/rawTables/N00161Dto_ORA.hbm.xml</value>
                <value>ru/kzgroup/domain/dto/rawTables/W161ZDto_ORA.hbm.xml</value>
                <value>ru/kzgroup/domain/dto/rawTables/RK110Dto_ORA.hbm.xml</value>
                <!-- customers (directory) -->
                <value>ru/kzgroup/domain/dto/directories/CustomerDto_ORA.hbm.xml</value>
                <value>ru/kzgroup/domain/dto/directories/CustomerEmailDto_ORA.hbm.xml</value>
                <!-- orders mappings -->
                <value>ru/kzgroup/domain/dto/orders/OrderExtraItemDto_ORA.hbm.xml</value>
                <value>ru/kzgroup/domain/dto/orders/OrderIngredientDto_ORA.hbm.xml</value>
                <value>ru/kzgroup/domain/dto/orders/OrderPositionDto_ORA.hbm.xml</value>
                <value>ru/kzgroup/domain/dto/orders/OrderDto_ORA.hbm.xml</value>
                <value>ru/kzgroup/domain/dto/orders/OrderMarketTypeDto_ORA.hbm.xml</value>
            </list>
        </property>
    </bean>

    <!-- Hibernate session factory bean with Hibernate controlled pooled datasource (db pool -> c3p0) -->
    <!--
        <bean id="oraSessionFactory_Hiber" class="org.springframework.orm.hibernate4.LocalSessionFactoryBean">
            <property name="hibernateProperties">
                <props>
                    <prop key="hibernate.connection.driver_class">${oracle.jdbc.driver}</prop>
                    <prop key="hibernate.connection.url">${oracle.jdbc.url}</prop>
                    <prop key="hibernate.connection.username">${oracle.user}</prop>
                    <prop key="hibernate.connection.password">${oracle.pass}</prop>
                    <prop key="hibernate.c3p0.min_size">1</prop>
                    <prop key="hibernate.c3p0.max_size">5</prop>
                    <prop key="hibernate.c3p0.timeout">300</prop>
                    <prop key="hibernate.c3p0.max_statements">50</prop>
                    <prop key="hibernate.c3p0.idle_test_period">300</prop>
                    <prop key="hibernate.dialect">org.hibernate.dialect.Oracle10gDialect</prop>
                    <prop key="hibernate.show_sql">false</prop>
                    <prop key="hibernate.format_sql">true</prop>
                </props>
            </property>
        </bean>
        -->

    <!--
         Spring JDBC Template bean (Oracle database). This bean (JDBC Template) is used by modules:
          - Lab100DataProcessor
          - ScrapDataProcessor
         This JDBC Template is based on "COMMON" datasource bean - the only point for Oracle connecting.
         We use this bean instead of SessionFactory (Spring+Hibernate) because we don't need any Hibernate
         mappings here - just plain SQL-queries.
    -->
    <bean id="oraJdbcTemplate_COMMON" class="org.springframework.jdbc.core.JdbcTemplate">
        <!--<property name="dataSource" ref="oraSpringC3P0DataSource"/>-->
        <property name="dataSource" ref="oraSpringDBCPDataSource_COMMON" />
    </bean>

</beans>