<?xml version="1.0" encoding="UTF-8"?>
<beans xmlns="http://www.springframework.org/schema/beans" xmlns:xsi="http://www.w3.org/2001/XMLSchema-instance"
       xmlns:context="http://www.springframework.org/schema/context" xmlns:tx="http://www.springframework.org/schema/tx"
       xmlns:jdbc="http://www.springframework.org/schema/jdbc" xmlns:util="http://www.springframework.org/schema/util"
       xsi:schemaLocation="http://www.springframework.org/schema/beans   http://www.springframework.org/schema/beans/spring-beans.xsd
                           http://www.springframework.org/schema/context http://www.springframework.org/schema/context/spring-context.xsd
                           http://www.springframework.org/schema/tx      http://www.springframework.org/schema/tx/spring-tx.xsd
                           http://www.springframework.org/schema/jdbc http://www.springframework.org/schema/jdbc/spring-jdbc.xsd
                           http://www.springframework.org/schema/util http://www.springframework.org/schema/util/spring-util.xsd">

    <!-- Bean for Paradox c3p0 pooled data source. -->
    <bean id="pdxSpringC3P0DataSource_COMMON" class="com.mchange.v2.c3p0.ComboPooledDataSource" destroy-method="close">
        <property name="driverClass" value="${paradox.jdbc.driver}"/>
        <property name="jdbcUrl" value="${paradox.jdbc}${paradox.data.local}"/>
        <property name="minPoolSize" value="5"/>
        <property name="maxPoolSize" value="20"/>
        <property name="initialPoolSize" value="5"/>
        <property name="maxIdleTime" value="300"/>
        <property name="maxStatements" value="50"/>
        <property name="idleConnectionTestPeriod" value="300"/>
        <property name="checkoutTimeout" value="900"/>
        <property name="testConnectionOnCheckin" value="true"/>
        <property name="testConnectionOnCheckout" value="true"/>
        <property name="debugUnreturnedConnectionStackTraces" value="true"/>
    </bean>

    <!-- Abstract bean for Paradox sessions factories -->
    <bean id="pdxSpringSessionFactory_COMMON" class="org.springframework.orm.hibernate4.LocalSessionFactoryBean">
        <property name="dataSource" ref="pdxSpringC3P0DataSource_COMMON"/>
        <!-- Here (in file hibernate.cfg.xml) we can't use placeholders from .properties file -->
        <!--<property name="configLocation" value="classpath:spring/hibernate.cfg.xml"/>-->
        <property name="packagesToScan" value="ru.kzgroup"/>
        <!-- Here we can use placeholders ${zzz} from .properties file -->
        <property name="hibernateProperties">
            <props>
                <prop key="hibernate.dialect">${hibernate.paradox.dialect}</prop>
                <prop key="hibernate.show_sql">${hibernate.show_sql}</prop>
                <prop key="hibernate.format_sql">${hibernate.format_sql}</prop>
            </props>
        </property>
        <!-- Hibernate mappings -->
        <property name="mappingResources">
            <list>
                <!-- dictionary information -->
                <value>ru/kzgroup/domain/dto/directories/CityDto_PDX.hbm.xml</value>
                <value>ru/kzgroup/domain/dto/directories/CustomerDto_PDX.hbm.xml</value>
                <value>ru/kzgroup/domain/dto/directories/RegionDto_PDX.hbm.xml</value>
                <value>ru/kzgroup/domain/dto/directories/SteelGradeDto_PDX.hbm.xml</value>
                <value>ru/kzgroup/domain/dto/directories/SteelGradeGroupDto_PDX.hbm.xml</value>
                <value>ru/kzgroup/domain/dto/directories/SteelGradeGroupTypeDto_PDX.hbm.xml</value>
                <value>ru/kzgroup/domain/dto/directories/SectionDto_PDX.hbm.xml</value>
                <value>ru/kzgroup/domain/dto/directories/StandardDto_PDX.hbm.xml</value>
                <value>ru/kzgroup/domain/dto/directories/StandardTypeDto_PDX.hbm.xml</value>
                <value>ru/kzgroup/domain/dto/directories/TerritoryDto_PDX.hbm.xml</value>
                <value>ru/kzgroup/domain/dto/directories/MechTestModeDto_PDX.hbm.xml</value>
                <value>ru/kzgroup/domain/dto/directories/MacroQualityCodeDto_PDX.hbm.xml</value>
                <value>ru/kzgroup/domain/dto/directories/AdditionalMechTestDto_PDX.hbm.xml</value>
                <value>ru/kzgroup/domain/dto/directories/RailwayStationDto_PDX.hbm.xml</value>
                <value>ru/kzgroup/domain/dto/directories/DeliveryTermDto_PDX.hbm.xml</value>
                <value>ru/kzgroup/domain/dto/directories/TechCharacteristicDto_PDX.hbm.xml</value>
                <value>ru/kzgroup/domain/dto/directories/ProductionKindCodeDto_PDX.hbm.xml</value>
                <value>ru/kzgroup/domain/dto/directories/MaterialDto_PDX.hbm.xml</value>
                <value>ru/kzgroup/domain/dto/goods/FinishedGoodsItemDto_PDX.hbm.xml</value>
                <value>ru/kzgroup/domain/dto/directories/CountryDto_PDX.hbm.xml</value>
                <value>ru/kzgroup/domain/dto/directories/CurrencyDto_PDX.hbm.xml</value>
                <value>ru/kzgroup/domain/dto/directories/MarkingDto_PDX.hbm.xml</value>
                <value>ru/kzgroup/domain/dto/directories/ShipmentTypeDto_PDX.hbm.xml</value>
                <value>ru/kzgroup/domain/dto/scrap/FurnaceChargeDto_PDX.hbm.xml</value>
                <!-- orders information -->
                <value>ru/kzgroup/domain/dto/orders/OrderDto_PDX.hbm.xml</value>
                <value>ru/kzgroup/domain/dto/orders/OrderD0502002_PDX.hbm.xml</value>
                <value>ru/kzgroup/domain/dto/orders/OrderD0502003_PDX.hbm.xml</value>
                <value>ru/kzgroup/domain/dto/orders/OrderPositionDto_PDX.hbm.xml</value>
                <value>ru/kzgroup/domain/dto/orders/OrderExtraParameterDto_PDX.hbm.xml</value>
                <value>ru/kzgroup/domain/dto/orders/OrderContractDto_PDX.hbm.xml</value>
                <value>ru/kzgroup/domain/dto/orders/OrderMarketTypeDto_PDX.hbm.xml</value>
                <!-- extra requirements -->
                <value>ru/kzgroup/domain/dto/directories/ExtraRequirementDto_PDX.hbm.xml</value>
                <value>ru/kzgroup/domain/dto/directories/ExtraRequirementWeightDto_PDX.hbm.xml</value>
                <value>ru/kzgroup/domain/dto/directories/ExtraRequirementChemistryDto_PDX.hbm.xml</value>
                <!-- raw tables -->
                <value>ru/kzgroup/domain/dto/rawTables/N01100Dto_PDX.hbm.xml</value>
                <value>ru/kzgroup/domain/dto/rawTables/D8001130Dto_PDX.hbm.xml</value>
                <value>ru/kzgroup/domain/dto/rawTables/N00161Dto_PDX.hbm.xml</value>
                <value>ru/kzgroup/domain/dto/rawTables/W161ZDto_PDX.hbm.xml</value>
                <value>ru/kzgroup/domain/dto/rawTables/RK110Dto_PDX.hbm.xml</value>
                <value>ru/kzgroup/domain/dto/directories/DepartmentN270102Dto_PDX.hbm.xml</value>
                <!-- contracts data -->
                <value>ru/kzgroup/domain/dto/contracts/ContractDto_PDX.hbm.xml</value>
                <value>ru/kzgroup/domain/dto/contracts/ContractTypeDto_PDX.hbm.xml</value>
                <value>ru/kzgroup/domain/dto/contracts/RoleTypeDto_PDX.hbm.xml</value>
                <value>ru/kzgroup/domain/dto/contracts/SubjectTypeDto_PDX.hbm.xml</value>
            </list>
        </property>
    </bean>


</beans>