<?xml version="1.0" encoding="UTF-8"?>
<beans xmlns="http://www.springframework.org/schema/beans" xmlns:xsi="http://www.w3.org/2001/XMLSchema-instance"
       xmlns:context="http://www.springframework.org/schema/context" xmlns:tx="http://www.springframework.org/schema/tx"
       xmlns:jdbc="http://www.springframework.org/schema/jdbc" xmlns:util="http://www.springframework.org/schema/util"
       xsi:schemaLocation="http://www.springframework.org/schema/beans   http://www.springframework.org/schema/beans/spring-beans.xsd
                           http://www.springframework.org/schema/context http://www.springframework.org/schema/context/spring-context.xsd
                           http://www.springframework.org/schema/tx      http://www.springframework.org/schema/tx/spring-tx.xsd
                           http://www.springframework.org/schema/jdbc http://www.springframework.org/schema/jdbc/spring-jdbc.xsd
                           http://www.springframework.org/schema/util http://www.springframework.org/schema/util/spring-util.xsd">

    <!-- DIRECTORIES task - processing directories copy PDX-ORA -->
    <bean id="directoriesJob" class="org.springframework.scheduling.quartz.MethodInvokingJobDetailFactoryBean">
        <property name="targetObject" ref="directoriesProcessor"/>
        <property name="targetMethod" value="process"/>
    </bean>
    <!-- Cron trigger for DIRECTORIES task -->
    <bean id="cronDirectoresTrigger" class="org.springframework.scheduling.quartz.CronTriggerFactoryBean">
        <property name="jobDetail" ref="directoriesJob"/>
        <property name="cronExpression" value="${directories.cron.expression}"/>
    </bean>

    <!-- ORDERS task - processing orders copy PDX-ORA -->
    <bean id="ordersJob" class="org.springframework.scheduling.quartz.MethodInvokingJobDetailFactoryBean">
        <property name="targetObject" ref="ordersProcessor"/>
        <property name="targetMethod" value="process"/>
    </bean>
    <!-- Cron trigger for ORDERS task -->
    <bean id="cronOrdersTrigger" class="org.springframework.scheduling.quartz.CronTriggerFactoryBean">
        <property name="jobDetail" ref="ordersJob"/>
        <property name="cronExpression" value="${orders.cron.expression}"/>
    </bean>

    <!-- AUDIT task - processing copy metal fillings data PDX-ORA and audit it (during copy process) -->
    <bean id="auditJob" class="org.springframework.scheduling.quartz.MethodInvokingJobDetailFactoryBean">
        <property name="targetObject" ref="auditProcessor"/>
        <property name="targetMethod" value="process"/>
    </bean>
    <!-- Cron trigger for AUDIT task -->
    <bean id="cronAuditTrigger" class="org.springframework.scheduling.quartz.CronTriggerFactoryBean">
        <property name="jobDetail" ref="auditJob"/>
        <property name="cronExpression" value="${audit.cron.expression}"/>
    </bean>

    <!-- AUDIT REPORT task - generate and send audit report -->
    <bean id="auditReportJob" class="org.springframework.scheduling.quartz.MethodInvokingJobDetailFactoryBean">
        <property name="targetObject" ref="auditReporter"/>
        <property name="targetMethod" value="process"/>
    </bean>
    <!-- Cron trigger for AUDIT REPORT task -->
    <bean id="cronAuditReportTrigger" class="org.springframework.scheduling.quartz.CronTriggerFactoryBean">
        <property name="jobDetail" ref="auditReportJob"/>
        <property name="cronExpression" value="${audit.reporter.cron.expression}"/>
    </bean>

    <!-- Personnel task -->
    <bean id="personnelJob" class="org.springframework.scheduling.quartz.MethodInvokingJobDetailFactoryBean">
        <property name="targetObject" ref="personnelProcessor"/>
        <property name="targetMethod" value="process"/>
    </bean>
    <!-- Cron trigger for personnel task -->
    <bean id="cronPersonnelTrigger" class="org.springframework.scheduling.quartz.CronTriggerFactoryBean">
        <property name="jobDetail" ref="personnelJob"/>
        <property name="cronExpression" value="${personnel.cron.expression}" />
    </bean>

    <!-- CUSTOMERS MAILER task -->
    <bean id="customersMailerJob" class="org.springframework.scheduling.quartz.MethodInvokingJobDetailFactoryBean">
        <property name="targetObject" ref="customersMailer"/>
        <property name="targetMethod" value="process" />
    </bean>
    <!-- Cron trigger for Customers Mailer task -->
    <bean id="cronCustomersMailerTrigger" class="org.springframework.scheduling.quartz.CronTriggerFactoryBean">
        <property name="jobDetail" ref="customersMailerJob" />
        <property name="cronExpression" value="${customers.mailer.cron.expression}" />
    </bean>

    <!-- Send mail quartz task -->
    <bean id="sendMailJob" class="org.springframework.scheduling.quartz.MethodInvokingJobDetailFactoryBean">
        <property name="targetObject" ref="sendMail"/>
        <property name="targetMethod" value="sendMessage"/>
    </bean>
    <!-- Cron triggers for SENDMAIL task -->
    <bean id="cronSendMailTrigger1" class="org.springframework.scheduling.quartz.CronTriggerFactoryBean">
        <property name="jobDetail" ref="sendMailJob" />
        <property name="cronExpression" value="${mailer.cron.expression1}" />
    </bean>
    <bean id="cronSendMailTrigger2" class="org.springframework.scheduling.quartz.CronTriggerFactoryBean">
        <property name="jobDetail" ref="sendMailJob" />
        <property name="cronExpression" value="${mailer.cron.expression2}" />
    </bean>
    <bean id="cronSendMailTrigger3" class="org.springframework.scheduling.quartz.CronTriggerFactoryBean">
        <property name="jobDetail" ref="sendMailJob" />
        <property name="cronExpression" value="${mailer.cron.expression3}" />
    </bean>

    <!-- Scheduler factory bean to integrate both job detail and trigger together -->
    <bean class="org.springframework.scheduling.quartz.SchedulerFactoryBean">
        <property name="autoStartup" value="${quartz.autoStart}"/>
        <property name="configLocation" value="classpath:spring/quartz.properties"/>
        <property name="triggers">
            <list>
                <!-- directories task trigger (copy ARM->MES) -->
                <ref bean="cronDirectoresTrigger" />
                <!-- orders task trigger (copy PDX->ORA)-->
                <ref bean="cronOrdersTrigger" />
                <!-- audit task trigger (copy PDX->ORA + audit data) -->
                <ref bean="cronAuditTrigger" />
                <!-- audit report task trigger (copy PDX->ORA + audit data + generate report + send report) -->
                <ref bean="cronAuditReportTrigger" />
                <!-- personnel data aggregation trigger (Boss-K+AD) -->
                <ref bean="cronPersonnelTrigger" />
                <!-- send service info via email triggers (three times a day) -->
                <ref bean="cronSendMailTrigger1" />
                <ref bean="cronSendMailTrigger2" />
                <ref bean="cronSendMailTrigger3" />
                <!-- customers mailer task trigger -->
                <ref bean="cronCustomersMailerTrigger" />
            </list>
        </property>
    </bean>

</beans>