<?xml version="1.0" encoding="UTF-8"?>
<beans xmlns="http://www.springframework.org/schema/beans" xmlns:xsi="http://www.w3.org/2001/XMLSchema-instance"
       xmlns:context="http://www.springframework.org/schema/context" xmlns:tx="http://www.springframework.org/schema/tx"
       xmlns:jdbc="http://www.springframework.org/schema/jdbc" xmlns:util="http://www.springframework.org/schema/util"
       xmlns:aop="http://www.springframework.org/schema/aop"
       xsi:schemaLocation="http://www.springframework.org/schema/beans   http://www.springframework.org/schema/beans/spring-beans.xsd
                           http://www.springframework.org/schema/context http://www.springframework.org/schema/context/spring-context.xsd
                           http://www.springframework.org/schema/tx      http://www.springframework.org/schema/tx/spring-tx.xsd
                           http://www.springframework.org/schema/jdbc http://www.springframework.org/schema/jdbc/spring-jdbc.xsd
                           http://www.springframework.org/schema/util http://www.springframework.org/schema/util/spring-util.xsd http://www.springframework.org/schema/aop http://www.springframework.org/schema/aop/spring-aop.xsd">

    <!-- Map for PdxDBCopeir class - config, what to process (which tables) -->
    <util:map id="pdxDataMap" key-type="java.lang.String" value-type="java.lang.String[]">
        <!--
         D8609151 -> orders headers
         D8609152 -> orders positions
         D8609PAR -> orders extra parameters values
        -->
        <entry key="${paradox.c160.data.path}" value="D8609151, D8609152, D8609PAR"/>

        <!--
         W161Z -> net cost data for orders
        -->
        <entry key="${paradox.c160.data3.path}" value="W161Z" />

        <!--
         N86091 -> steel grades groups types
        -->
        <entry key="${paradox.c160.nsi.path}" value="N86019" />

        <!--
         D0502002 -> data for orders (export?)
         D0502003 -> some data for orders
        -->
        <entry key="${paradox.omis.data1.path}" value="D0502002, D0502003"/>

        <!--
         N00200 -> standards list
         N00202 -> standards types list
         M115   -> extra requirements for orders positions (codes)
         M116   -> extra requirements - descriptions
         M11601 -> extra requirements - manual selection by chemistry
         M11602 -> extra requirements - manual selection by weight
         F10004 -> steel grades groups
         M106   -> steel grades data
         M107   -> sections (profiles) data
         M117   -> delivery terms codes and data
         N01100 -> raw table
         M112   -> production kind code
         F96008 -> territory data
         N01010 -> mechanical test data
         N01008 -> macro quality codes data
         N01009 -> additional mechanical tests data
         M120   -> railway stations data
        -->
        <entry key="${paradox.spz.nsi.path}"
               value="N00200, N00202, M115, M116, M11601, M11602, F10004, M106, M107, M117, N01100, M112, F96008, N01010, N01008, N01009, M120, M110, M123"/>

        <!--
         N0502009 -> marking directory
         F96124   -> countries information
        -->
        <entry key="${paradox.omis.nsi.exp.path}" value="N0502009, F96124"/>

        <!--
         N27001 -> contracts table
         N27002 -> contracts subject type
         N27003 -> contracts role type
         N27004 -> contracts type
        -->
        <entry key="${paradox.otep.data.path}" value="N27001, N27002, N27003, N27004"/>

        <!--
         N0004006 -> regions dictionary
         N0004101 -> customers dictionary
         N00005   -> city information (dictionary)
        -->
        <entry key="${paradox.spz.nsi3.path}" value="N0004006, N0004101, N00005"/>

        <!--
         N00161 -> data for calculating net cost data (себестоимость)
        -->
        <entry key="${paradox.spz.nsi4.path}" value="N00161" />

        <!--
         D8015009 -> furnace charge (MPT+AKOS)
        -->
        <entry key="${paradox.c100.data.path}" value="D8015009"/>

        <!--
         D8001130 -> net cost data (себестоимость)
         D8001150 -> net cost data (себестоимость)
        -->
        <entry key="${paradox.c100.data1.path}" value="D8001130, D8001150" />

        <!--
         N8001003 -> materials dictionary
        -->
        <entry key="${paradox.c100.nsi.path}" value="N8001003"/>

        <!--
         N270102 -> departments raw table
        -->
        <entry key="${paradox.otep.nsi.path}" value="N270102"/>

        <!--
         M149 -> finished goods items data
         F110 -> rolling data
         RK110 -> acceptance data
        -->
        <entry key="${paradox.spz.data.path}" value="M149, F110, RK110"/>

        <!--
         N1610001 -> currency data
        -->
        <entry key="${paradox.fo.nsi.path}" value="N1610001"/>

    </util:map>

    <!-- Directories for copying PDX->ORA -->
    <util:map id="directoriesClasses" key-type="java.lang.Class" value-type="java.util.List">
        <!-- simple directories -->
        <entry key="ru.kzgroup.domain.dto.directories.SteelGradeDto"><null /></entry>
        <entry key="ru.kzgroup.domain.dto.directories.SteelGradeGroupDto"><null /></entry>
        <entry key="ru.kzgroup.domain.dto.directories.SteelGradeGroupTypeDto"><null /></entry>
        <entry key="ru.kzgroup.domain.dto.directories.SectionDto"><null /></entry>
        <entry key="ru.kzgroup.domain.dto.directories.StandardDto"><null /></entry>
        <entry key="ru.kzgroup.domain.dto.directories.StandardTypeDto"><null /></entry>
        <entry key="ru.kzgroup.domain.dto.directories.MarkingDto"><null /></entry>
        <entry key="ru.kzgroup.domain.dto.directories.CountryDto"><null /></entry>
        <entry key="ru.kzgroup.domain.dto.directories.MaterialDto"><null /></entry>
        <entry key="ru.kzgroup.domain.dto.directories.CityDto"><null /></entry>
        <entry key="ru.kzgroup.domain.dto.directories.regions.RegionDto"><null /></entry>
        <entry key="ru.kzgroup.domain.dto.directories.CurrencyDto"><null /></entry>
        <entry key="ru.kzgroup.domain.dto.directories.TerritoryDto"><null /></entry>
        <entry key="ru.kzgroup.domain.dto.directories.technology.MechTestModeDto"><null /></entry>
        <entry key="ru.kzgroup.domain.dto.directories.technology.MacroQualityCodeDto"><null /></entry>
        <entry key="ru.kzgroup.domain.dto.directories.technology.AdditionalMechTest"><null /></entry>
        <entry key="ru.kzgroup.domain.dto.directories.RailwayStationDto"><null /></entry>
        <entry key="ru.kzgroup.domain.dto.directories.DeliveryTermDto"><null /></entry>
        <entry key="ru.kzgroup.domain.dto.directories.ShipmentTypeDto"><null /></entry>
        <entry key="ru.kzgroup.domain.dto.directories.characteristics.TechCharacteristicDto"><null /></entry>
        <entry key="ru.kzgroup.domain.dto.directories.requirements.ExtraRequirementDto"><null /></entry>
        <entry key="ru.kzgroup.domain.dto.directories.requirements.ExtraRequirementWeightDto"><null /></entry>
        <entry key="ru.kzgroup.domain.dto.directories.requirements.ExtraRequirementChemistryDto"><null /></entry>
        <entry key="ru.kzgroup.domain.dto.directories.productionKind.ProductionKindCodeDto"><null /></entry>
        <entry key="ru.kzgroup.domain.dto.customers.CustomerDto"><null /></entry>
        <entry key="ru.kzgroup.domain.dto.personnel.DepartmentN270102Dto"><null /></entry>
        <entry key="ru.kzgroup.domain.dto.orders.OrderMarketTypeDto"><null /></entry>
        <!-- contracts -->
        <entry key="ru.kzgroup.domain.dto.contracts.ContractDto"><null /></entry>
        <!-- finished goods items -->
        <!--<entry key="ru.kzgroup.domain.dto.goods.FinishedGoodsItemDto"><null /></entry>-->
        <entry key="ru.kzgroup.domain.dto.goods.FinishedGoodsItemDto">
            <list value-type="java.lang.String">
                <value>from FinishedGoodsItemDto fgi where fgi.id.workCardYear = 2000</value>
                <value>from FinishedGoodsItemDto fgi where fgi.id.workCardYear = 2001</value>
                <value>from FinishedGoodsItemDto fgi where fgi.id.workCardYear = 2002</value>
                <value>from FinishedGoodsItemDto fgi where fgi.id.workCardYear = 2003</value>
                <value>from FinishedGoodsItemDto fgi where fgi.id.workCardYear = 2004</value>
                <value>from FinishedGoodsItemDto fgi where fgi.id.workCardYear = 2005</value>
                <value>from FinishedGoodsItemDto fgi where fgi.id.workCardYear = 2006</value>
                <value>from FinishedGoodsItemDto fgi where fgi.id.workCardYear = 2007</value>
                <value>from FinishedGoodsItemDto fgi where fgi.id.workCardYear = 2008</value>
                <value>from FinishedGoodsItemDto fgi where fgi.id.workCardYear = 2009</value>
                <value>from FinishedGoodsItemDto fgi where fgi.id.workCardYear = 2010</value>
                <value>from FinishedGoodsItemDto fgi where fgi.id.workCardYear = 2011</value>
                <value>from FinishedGoodsItemDto fgi where fgi.id.workCardYear = 2012</value>
                <value>from FinishedGoodsItemDto fgi where fgi.id.workCardYear = 2013</value>
                <value>from FinishedGoodsItemDto fgi where fgi.id.workCardYear >= 2014</value>
            </list>
        </entry>
        <!-- raw ARM tables-->
        <entry key="ru.kzgroup.domain.dto.rawTables.N01100"><null /></entry>
        <entry key="ru.kzgroup.domain.dto.rawTables.D8001130.D8001130Dto"><null /></entry>
        <entry key="ru.kzgroup.domain.dto.rawTables.N00161.N00161Dto"><null /></entry>
        <entry key="ru.kzgroup.domain.dto.rawTables.RK110.RK110Dto">
            <list value-type="java.lang.String">
                <value>from RK110Dto rk where rk.id.year = 1996</value>
                <value>from RK110Dto rk where rk.id.year = 1997</value>
                <value>from RK110Dto rk where rk.id.year = 1998</value>
                <value>from RK110Dto rk where rk.id.year = 1999</value>
                <value>from RK110Dto rk where rk.id.year = 2000</value>
                <value>from RK110Dto rk where rk.id.year = 2001</value>
                <value>from RK110Dto rk where rk.id.year = 2002</value>
                <value>from RK110Dto rk where rk.id.year = 2003</value>
                <value>from RK110Dto rk where rk.id.year = 2004</value>
                <value>from RK110Dto rk where rk.id.year = 2005</value>
                <value>from RK110Dto rk where rk.id.year = 2006</value>
                <value>from RK110Dto rk where rk.id.year = 2007</value>
                <value>from RK110Dto rk where rk.id.year = 2008</value>
                <value>from RK110Dto rk where rk.id.year = 2009</value>
                <value>from RK110Dto rk where rk.id.year = 2010</value>
                <value>from RK110Dto rk where rk.id.year = 2011</value>
                <value>from RK110Dto rk where rk.id.year = 2012</value>
                <value>from RK110Dto rk where rk.id.year = 2013</value>
                <value>from RK110Dto rk where rk.id.year >= 2014</value>
            </list>
        </entry>
        <entry key="ru.kzgroup.domain.dto.rawTables.W161Z.W161ZDto"><null /></entry>
    </util:map>

    <!--
     Map for ORDERS processing. Dividing into years used for eliminating OutOfMemoryException - decrease memory needs.
     19.08.2014 ORDER object grows - we get OME again. Decision - copy PDX->ORA just last 3 years (2012, 2013, 2014).
    -->
    <util:map id="ordersClasses" key-type="java.lang.Class" value-type="java.util.List">
        <entry key="ru.kzgroup.domain.dto.orders.pdx.OrderDtoPDX">
            <list value-type="java.lang.String">
                <value>from OrderDtoPDX o where o.id.orderYear >= 2014</value>
                <value>from OrderDtoPDX o where o.id.orderYear = 2013</value>
                <value>from OrderDtoPDX o where o.id.orderYear = 2012</value>
                <value>from OrderDtoPDX o where o.id.orderYear = 2011</value>
                <value>from OrderDtoPDX o where o.id.orderYear = 2010</value>
                <value>from OrderDtoPDX o where o.id.orderYear = 2009</value>
                <value>from OrderDtoPDX o where o.id.orderYear = 2008</value>
                <value>from OrderDtoPDX o where o.id.orderYear = 2007</value>
                <value>from OrderDtoPDX o where o.id.orderYear = 2006</value>
                <value>from OrderDtoPDX o where o.id.orderYear = 2005</value>
                <value>from OrderDtoPDX o where o.id.orderYear = 2004</value>
                <value>from OrderDtoPDX o where o.id.orderYear = 2003</value>
                <value>from OrderDtoPDX o where o.id.orderYear = 2002</value>
                <value>from OrderDtoPDX o where o.id.orderYear = 2001</value>
                <!-- we can't use symbol < (less) directly - we have to escape it -->
                <value>from OrderDtoPDX o where o.id.orderYear &lt;= 2000</value>
            </list>
        </entry>
    </util:map>

    <!-- Audit data - PDX->AUDIT->ORA -->
    <util:map id="auditClasses" key-type="java.lang.Class" value-type="java.util.List">
        <!-- scrap - data for changes audit -->
        <entry key="ru.kzgroup.domain.dto.scrap.FurnaceChargeDto">
            <list value-type="java.lang.String">
                <value>from FurnaceChargeDto fc where fc.meltDate >= '2014-01-01'</value>
            </list>
        </entry>
    </util:map>

    <!-- TEST CLASSES: directories for copying PDX->ORA -->
    <util:map id="testClasses" key-type="java.lang.Class" value-type="java.util.List">
        <!--<entry key="ru.kzgroup.domain.dto.goods.FinishedGoodsItemDto">-->
            <!--<null/>-->
            <!--<list value-type="java.lang.String">
                <value>from FinishedGoodsItemDto fgi where fgi.id.workCardYear >= 2013</value>
            </list>-->
        <!--</entry>-->

        <!--<entry key="ru.kzgroup.domain.dto.rawTables.N00161.N00161Dto"><null /></entry>-->
        <!--<entry key="ru.kzgroup.domain.dto.rawTables.W161Z.W161ZDto"><null /></entry>-->
        <!--<entry key="ru.kzgroup.domain.dto.rawTables.RK110.RK110Dto"><null /></entry>-->
        <!--<entry key="ru.kzgroup.domain.dto.directories.SteelGradeGroupTypeDto"><null /></entry>-->

        <!--
        <entry key="ru.kzgroup.domain.dto.goods.FinishedGoodsItemDto">
            <list value-type="java.lang.String">
                <value>from FinishedGoodsItemDto fgi where fgi.id.workCardYear = 2000</value>
                <value>from FinishedGoodsItemDto fgi where fgi.id.workCardYear = 2001</value>
                <value>from FinishedGoodsItemDto fgi where fgi.id.workCardYear = 2002</value>
                <value>from FinishedGoodsItemDto fgi where fgi.id.workCardYear = 2003</value>
                <value>from FinishedGoodsItemDto fgi where fgi.id.workCardYear = 2004</value>
                <value>from FinishedGoodsItemDto fgi where fgi.id.workCardYear = 2005</value>
                <value>from FinishedGoodsItemDto fgi where fgi.id.workCardYear = 2006</value>
                <value>from FinishedGoodsItemDto fgi where fgi.id.workCardYear = 2007</value>
                <value>from FinishedGoodsItemDto fgi where fgi.id.workCardYear = 2008</value>
                <value>from FinishedGoodsItemDto fgi where fgi.id.workCardYear = 2009</value>
                <value>from FinishedGoodsItemDto fgi where fgi.id.workCardYear = 2010</value>
                <value>from FinishedGoodsItemDto fgi where fgi.id.workCardYear = 2011</value>
                <value>from FinishedGoodsItemDto fgi where fgi.id.workCardYear = 2012</value>
                <value>from FinishedGoodsItemDto fgi where fgi.id.workCardYear = 2013</value>
                <value>from FinishedGoodsItemDto fgi where fgi.id.workCardYear >= 2014</value>
            </list>
        </entry>
        -->

        <entry key="ru.kzgroup.domain.dto.orders.pdx.OrderDtoPDX">
            <list value-type="java.lang.String">
                <value>from OrderDtoPDX o where o.id.orderYear >= 2014</value>
                <value>from OrderDtoPDX o where o.id.orderYear = 2013</value>
                <value>from OrderDtoPDX o where o.id.orderYear = 2012</value>
                <value>from OrderDtoPDX o where o.id.orderYear = 2011</value>
                <value>from OrderDtoPDX o where o.id.orderYear = 2010</value>
                <value>from OrderDtoPDX o where o.id.orderYear = 2009</value>
                <value>from OrderDtoPDX o where o.id.orderYear = 2008</value>
                <value>from OrderDtoPDX o where o.id.orderYear = 2007</value>
                <value>from OrderDtoPDX o where o.id.orderYear = 2006</value>
                <value>from OrderDtoPDX o where o.id.orderYear = 2005</value>
                <value>from OrderDtoPDX o where o.id.orderYear = 2004</value>
                <value>from OrderDtoPDX o where o.id.orderYear = 2003</value>
                <value>from OrderDtoPDX o where o.id.orderYear = 2002</value>
                <value>from OrderDtoPDX o where o.id.orderYear = 2001</value>
                <!-- we can't use symbol < (less) directly - we have to escape it -->
                <value>from OrderDtoPDX o where o.id.orderYear &lt;= 2000</value>
            </list>
        </entry>
    </util:map>

</beans>