<?xml version="1.0" encoding="UTF-8"?>
<beans xmlns="http://www.springframework.org/schema/beans"           xmlns:xsi="http://www.w3.org/2001/XMLSchema-instance"
       xmlns:context="http://www.springframework.org/schema/context" xmlns:tx="http://www.springframework.org/schema/tx"
       xmlns:jdbc="http://www.springframework.org/schema/jdbc"       xmlns:util="http://www.springframework.org/schema/util"
       xsi:schemaLocation="http://www.springframework.org/schema/beans   http://www.springframework.org/schema/beans/spring-beans.xsd
                           http://www.springframework.org/schema/context http://www.springframework.org/schema/context/spring-context.xsd
                           http://www.springframework.org/schema/tx      http://www.springframework.org/schema/tx/spring-tx.xsd
                           http://www.springframework.org/schema/jdbc http://www.springframework.org/schema/jdbc/spring-jdbc.xsd
                           http://www.springframework.org/schema/util http://www.springframework.org/schema/util/spring-util.xsd">

    <!-- Properties placeholder file -->
    <context:property-placeholder location="classpath:spring/DataMiner.properties" />
    <!-- Activates various annotations to be detected in Spring bean classes. -->
    <context:annotation-config />
    <!-- Scans within the base package of the application for @Component/@Repository to configure as beans -->
    <context:component-scan base-package="ru.kzgroup.dataMiner" />
    <!-- Exceptions translator bean -->
    <bean class="org.springframework.dao.annotation.PersistenceExceptionTranslationPostProcessor"/>
    <!-- Realization of exception translator for hibernate 4 -->
    <bean class="org.springframework.orm.hibernate4.HibernateExceptionTranslator"/>

    <!-- Import config for Oracle Database (MES) - datasource, session factory, transaction manager etc -->
    <import resource="_oracleConfig.xml" />
    <!-- Import config for Paradox Database (ARM system) - datasource, session factory etc -->
    <import resource="_paradoxConfig.xml" />
    <!-- XML beans definitions - all used beans -->
    <import resource="_beans.xml" />
    <!-- Some utility data - utility information -->
    <import resource="_util.xml" />
    <!-- Quarz beans/configs/jobs/triggers -->
    <import resource="_quartzConfig.xml" />

    <!-- As an alternative of using Hibernate directly, you can also use JPA as an abstraction layer on top of Hibernate. Here is an example: -->
    <!--
    <jdbc:embedded-database id="dataSource">
     <jdbc:script location="classpath:jpa/config/schema.sql" />
     </jdbc:embedded-database>

     <bean id="entityManagerFactory" class="org.springframework.orm.jpa.LocalContainerEntityManagerFactoryBean">
        <property name="dataSource" ref="dataSource" />
        <property name="persistenceUnitName" value="jpaTest" />
        <property name="packagesToScan">
        <list>
           <value>jpa/config</value>
        </list>
        </property>
        <property name="jpaVendorAdapter">
           <bean class="org.springframework.orm.jpa.vendor.HibernateJpaVendorAdapter">
              <property name="database" value="HSQL" />
           </bean>
        </property>
     </bean>

     <bean id="transactionManager" class="org.springframework.orm.jpa.JpaTransactionManager">
        <property name="entityManagerFactory" ref="entityManagerFactory" />
     </bean>
    -->

</beans>