<?xml version="1.0" encoding="UTF-8"?>
<!DOCTYPE hibernate-configuration SYSTEM "http://www.hibernate.org/dtd/hibernate-configuration-3.0.dtd">

<hibernate-configuration>
    <session-factory>
        <!-- Hibernate database dialect -->
        <property name="hibernate.dialect">org.hibernate.dialect.Oracle10gDialect</property>

        <!-- Hibernate4 settings for integration with weblogic JTA (possible - any JTA - parameter [hibernate.transaction.jta.platform]) -->
        <!--<property name="hibernate.transaction.jta.platform">org.hibernate.service.jta.platform.spi.JtaPlatform</property>-->
        <!--<property name="hibernate.transaction.manager_lookup_class">org.hibernate.transaction.TransactionManagerLookup</property>-->
        <!--<property name="hibernate.transaction.factory_class">org.hibernate.engine.transaction.internal.jta.JtaTransactionFactory</property>-->

        <!-- Show and print nice SQL on stdout - for deep debug! -->
        <property name="show_sql">true</property>
        <property name="format_sql">true</property>

        <!-- List of XML mapping files -->
        <!--
        <mapping resource="com/db/eps/cage/v3/commons/domain/BrokerAccount.hbm.xml"/>
        <mapping resource="com/db/eps/cage/v3/commons/domain/OriginalConfirmation.hbm.xml"/>
        <mapping resource="com/db/eps/cage/v3/commons/domain/Confirmation.hbm.xml"/>
        <mapping resource="com/db/eps/cage/v3/commons/domain/ConfirmationHistory.hbm.xml"/>
        <mapping resource="com/db/eps/cage/v3/commons/domain/ConfirmationComment.hbm.xml"/>
        <mapping resource="com/db/eps/cage/v3/commons/domain/ApplicationError.hbm.xml"/>
        <mapping resource="com/db/eps/cage/v3/commons/domain/EmailRecipient.hbm.xml"/>
        <mapping resource="com/db/eps/cage/v3/commons/domain/OriginalTrade.hbm.xml"/>
        <mapping resource="com/db/eps/cage/v3/commons/domain/Trade.hbm.xml"/>
        <mapping resource="com/db/eps/cage/v3/commons/domain/Allocation.hbm.xml"/>
        -->

    </session-factory>
</hibernate-configuration>