<assembly xmlns="http://maven.apache.org/plugins/maven-assembly-plugin/assembly/1.1.3"
          xmlns:xsi="http://www.w3.org/2001/XMLSchema-instance"
          xsi:schemaLocation="http://maven.apache.org/plugins/maven-assembly-plugin/assembly/1.1.3 http://maven.apache.org/xsd/assembly-1.1.3.xsd">
    <id>${distributionId}</id>
    <formats>
        <format>tar.gz</format>
    </formats>
    <includeBaseDirectory>false</includeBaseDirectory>
    <fileSets>
        <fileSet>
            <outputDirectory>config</outputDirectory>
            <directory>${basedir}/config</directory>
            <fileMode>0644</fileMode>
            <lineEnding>unix</lineEnding>
        </fileSet>
        <fileSet>
            <outputDirectory>pipeline</outputDirectory>
            <directory>${basedir}/pipeline</directory>
            <fileMode>0755</fileMode>
            <lineEnding>unix</lineEnding>
            <excludes>
                <exclude>**/*.pyc</exclude>
            </excludes>
        </fileSet>
        <fileSet>
            <outputDirectory>.</outputDirectory>
            <directory>${basedir}/deploy</directory>
            <fileMode>0755</fileMode>
            <lineEnding>unix</lineEnding>
            <includes>
                <include>readme.txt</include>
            </includes>
        </fileSet>
        <fileSet>
            <outputDirectory>.</outputDirectory>
            <directory>${basedir}/tests/execute-verify-pipelines</directory>
            <fileMode>0755</fileMode>
            <lineEnding>unix</lineEnding>
        </fileSet>
    </fileSets>
</assembly>
