<?xml version="1.0"?>
<!DOCTYPE hibernate-mapping PUBLIC "-//Hibernate/Hibernate Mapping DTD//EN"
 "http://www.hibernate.org/dtd/hibernate-mapping-3.0.dtd">

<hibernate-mapping>
    <class name="ru.kzgroup.domain.dto.orders.pdx.OrderD0502002PDX" table="D0502002">
        <!-- composite primary key -->
        <composite-id name="id" class="ru.kzgroup.domain.dto.orders.pdx.OrderD0502002IdPDX">
            <key-property name="contractCode" column="ContractCode" />
            <key-property name="addendumCode" column="AddendumCode" />
            <key-property name="stringNo"     column="StringNo" />
        </composite-id>
        <property name="orderYear"   column="OrderYear"/>
        <property name="orderNumber" column="OrderNo"/>
        <property name="orderMonth"  column="OrderMonth"/>
        <property name="notes"       column="Notes"/>
        <property name="notes1"      column="Notes1"/>

        <set name="d0502003Set" lazy="false" cascade="none">
            <key>
                <column name="ContractCode"/>
                <column name="AddendumCode"/>
                <column name="StringNo"/>
            </key>
            <one-to-many class="ru.kzgroup.domain.dto.orders.pdx.OrderD0502003PDX"/>
        </set>

    </class>
</hibernate-mapping>