<?xml version="1.0"?>
<!DOCTYPE hibernate-mapping PUBLIC "-//Hibernate/Hibernate Mapping DTD//EN"
 "http://www.hibernate.org/dtd/hibernate-mapping-3.0.dtd">

<hibernate-mapping>
    <class name="ru.kzgroup.domain.dto.orders.ora.OrderPositionDtoORA" table="TB_SM_ORDDTL">
        <composite-id name="id" class="ru.kzgroup.domain.dto.orders.ora.OrderPositionDtoIdORA">
            <key-property name="orderYearMonth" column="PROD_YYMM" />
            <key-property name="orderNumber"    column="ORD_NO" />
            <key-property name="orderPosition"  column="ORD_POSITION" />
        </composite-id>

        <property name="orderProgressCode"           column="ORD_PROG_CD"/>
        <property name="presenceSign"                column="SALE_GP"/>
        <property name="sectionType"                 column="SECTION_TYPE"/>
        <property name="sectionSize1"                column="SECTION_SIZE_T"/>
        <property name="sectionSize2"                column="SECTION_SIZE_W"/>
        <property name="sectionSize1From"            column="SECTION_SIZE_T_FR"/>
        <property name="sectionSize1To"              column="SECTION_SIZE_T_TO"/>
        <property name="sectionSize2From"            column="SECTION_SIZE_W_FR"/>
        <property name="sectionSize2To"              column="SECTION_SIZE_W_TO"/>
        <property name="lengthFrom"                  column="GOODS_LEN_MIN"/>
        <property name="lengthTo"                    column="GOODS_LEN_MAX"/>
        <property name="goodsLengthToleranceMin"     column="GOODS_LEN_TOL_MIN"/>
        <property name="goodsLengthToleranceMax"     column="GOODS_LEN_TOL_MAX"/>
        <property name="shortLengthMin"              column="SHORT_LEN_MIN"/>
        <property name="shortLengthAllowedRate"      column="SHORT_LEN_ALLOW_RATE"/>
        <property name="orderShortLengthMin"         column="ORD_SHORT_LEN_MIN"/>
        <property name="orderShortLengthAllowedRate" column="ORD_SHORT_LEN_ALLOW_RATE"/>
        <property name="weight"                      column="ORD_WT"/>
        <property name="r680SectionType"             column="R680_SECTION_TYPE"/>
        <property name="r680SectionSizeT"            column="R680_SECTION_SIZE_T"/>
        <property name="r680SectionSizeW"            column="R680_SECTION_SIZE_W"/>
        <property name="r350SectionType"             column="R350_SECTION_TYPE"/>
        <property name="r350SectionSizeT"            column="R350_SECTION_SIZE_T"/>
        <property name="r350SectionSizeW"            column="R350_SECTION_SIZE_W"/>
        <property name="deliveryToleranceMin"        column="DELIVER_TOLERANCE_MIN"/>
        <property name="deliveryToleranceMax"        column="DELIVER_TOLERANCE_MAX"/>
        <property name="millCode"                    column="MILL_GP"/>
        <property name="heatTreat"                   column="HEAT_TREAT_YN"/>
        <property name="surfaceStatus"               column="SURFACE_STATUS"/>
        <property name="surfaceTreatGroup"           column="SURFACE_TREAT_GP"/>
        <property name="bundleMinWeight"             column="BUNDLE_MIN_WT"/>
        <property name="bundleMaxWeight"             column="BUNDLE_MAX_WT"/>
        <property name="bindingCount"                column="BUNDLE_BINDING_COUNT"/>
        <property name="b2b5Standard"                column="B2B5_STANDARD"/>
        <property name="grinding"                    column="GRINDING_YN"/>
        <property name="customerDeliveryDate"        column="CUSTOMER_DELIVER_DD"/>
        <property name="deliveryDate"                column="DELIVER_DD"/>
        <property name="deliveryTermName"            column="DELIVER_TERMS_LEN_NAME"/>
        <property name="ingredientSpec1"             column="ORD_INGR_SPEC1"/>
        <property name="ingredientSpec2"             column="ORD_INGR_SPEC2"/>
        <property name="ingredientSpec3"             column="ORD_INGR_SPEC3"/>
        <property name="ingredientSpec4"             column="ORD_INGR_SPEC4"/>
        <property name="ingredientSpec5"             column="ORD_INGR_SPEC5"/>
        <property name="rollSectionSizeT"            column="ROLL_SECTION_SIZE_T"/>
        <property name="rollSectionSizeT1"           column="ROLL_SECTION_SIZE_T1"/>
        <property name="rollSectionSizeT2"           column="ROLL_SECTION_SIZE_T2"/>
        <property name="rollSectionSizeT3"           column="ROLL_SECTION_SIZE_T3"/>
        <property name="mill900350CommonSize"        column="MILL900_350_COMM_SIZE_YN"/>
        <property name="previousMonth"               column="PREVIOUS_MONTH" />
        <property name="price"                       column="PRICE" />
        <property name="planRollingDate"             column="PLAN_ROLLING_DATE" />
        <property name="technicalCharCode"           column="TECHNICAL_CHAR_CD" />
        <property name="productCode"                 column="PRODUCT_CD" />
        <property name="plannedPrice"                column="PLAN_PRICE" />

        <!-- steel grade standard object for current order position -->
        <many-to-one name="steelGradeStandard" class="ru.kzgroup.domain.dto.directories.StandardDto" lazy="false"
                     cascade="none" unique="true" not-found="ignore">
            <column name="STANDARD_CD"/>
        </many-to-one>
        <!-- profile standard object for current order position -->
        <many-to-one name="profileStandard" class="ru.kzgroup.domain.dto.directories.StandardDto" lazy="false"
                     cascade="none" unique="true" not-found="ignore">
            <column name="PROFILE_STANDARD_CD"/>
        </many-to-one>
        <!-- steel grades data -->
        <many-to-one name="steelGrade" class="ru.kzgroup.domain.dto.directories.SteelGradeDto" lazy="false" cascade="none">
            <column name="STLGRADE_CD"/>
        </many-to-one>
        <many-to-one name="steelGradeFrom" class="ru.kzgroup.domain.dto.directories.SteelGradeDto" lazy="false" cascade="none">
            <column name="STLGRADE_CD_FR"/>
        </many-to-one>
        <many-to-one name="steelGradeTo" class="ru.kzgroup.domain.dto.directories.SteelGradeDto" lazy="false" cascade="none">
            <column name="STLGRADE_CD_TO"/>
        </many-to-one>
        <!-- section (profile) info -->
        <many-to-one name="section" class="ru.kzgroup.domain.dto.directories.SectionDto" lazy="false" cascade="none">
            <column name="SECTION_CD"/>
        </many-to-one>
        <!-- delivery terms info -->
        <many-to-one name="deliveryTerm" class="ru.kzgroup.domain.dto.directories.DeliveryTermDto" lazy="false" cascade="none">
            <column name="DELIVER_TERMS_LEN_CD"/>
        </many-to-one>
        <!-- marking object for current order position -->
        <many-to-one name="marking" class="ru.kzgroup.domain.dto.directories.MarkingDto" lazy="false" cascade="none">
            <column name="MARKING_CD"/>
        </many-to-one>
        <!-- chemical ingredients for position -->
        <set name="ingredients" lazy="false" inverse="true" cascade="merge">
            <key>
                <column name="PROD_YYMM"/>
                <column name="ORD_NO"/>
                <column name="ORD_POSITION"/>
            </key>
            <one-to-many class="ru.kzgroup.domain.dto.orders.ora.OrderIngredientDtoORA"/>
        </set>
        <!-- extra items for position -->
        <set name="extraItems" lazy="false" inverse="true" cascade="merge">
            <key>
                <column name="PROD_YYMM"/>
                <column name="ORD_NO"/>
                <column name="ORD_POSITION"/>
            </key>
            <one-to-many class="ru.kzgroup.domain.dto.orders.ora.OrderExtraItemDtoORA"/>
        </set>
        <!-- order market type - by field OrderIndex -->
        <many-to-one name="orderIndex" class="ru.kzgroup.domain.dto.orders.OrderMarketTypeDto" lazy="false">
            <column name="ORD_GP"/>
        </many-to-one>
        <!-- currency for order position -->
        <many-to-one name="currency" class="ru.kzgroup.domain.dto.directories.CurrencyDto" lazy="false" not-found="ignore">
            <column name="CURRENCY_CD"/>
        </many-to-one>

        <property name="deleted"      column="DELETED" />
        <property name="modifyUser"   column="MODIFIER" />
        <property name="modifyDate"   column="MOD_DDTT" />
        <property name="registerUser" column="REGISTER" />
        <property name="registerDate" column="REG_DDTT" />

    </class>
</hibernate-mapping>