<?xml version="1.0"?>
<!DOCTYPE hibernate-mapping PUBLIC "-//Hibernate/Hibernate Mapping DTD//EN"
 "http://www.hibernate.org/dtd/hibernate-mapping-3.0.dtd">

<hibernate-mapping>
    <class name="ru.kzgroup.domain.dto.orders.pdx.OrderD0502003PDX" table="D0502003">
        <!-- composite primary key -->
        <composite-id name="id" class="ru.kzgroup.domain.dto.orders.pdx.OrderD0502003IdPDX">
            <key-property name="contractCode" column="ContractCode" />
            <key-property name="addendumCode" column="AddendumCode" />
            <key-property name="stringNo"     column="StringNo" />
            <key-property name="positionCode" column="PositionCode" />
        </composite-id>
        <!--<property name="markingCode" column="MarkingCode"/>-->

        <many-to-one name="marking" class="ru.kzgroup.domain.dto.directories.MarkingDto" lazy="false">
            <!-- foreign key (field) in table D0502003 for link to PK in table NN0502009 (marking kinds) -->
            <column name="MarkingCode"/>
        </many-to-one>

    </class>
</hibernate-mapping>