<?xml version="1.0"?>
<!DOCTYPE hibernate-mapping PUBLIC "-//Hibernate/Hibernate Mapping DTD//EN"
 "http://www.hibernate.org/dtd/hibernate-mapping-3.0.dtd">

<hibernate-mapping>
    <class name="ru.kzgroup.domain.dto.orders.pdx.OrderPositionDtoPDX" table="D8609152">
        <!-- composite primary key -->
        <composite-id name="id" class="ru.kzgroup.domain.dto.orders.pdx.OrderPositionDtoIdPDX">
            <key-property name="orderYear"     column="OrderYear" />
            <key-property name="orderNumber"   column="OrderNo" />
            <key-property name="orderMonth"    column="OrderMonth" />
            <key-property name="orderPosition" column="OrderPosition" />
        </composite-id>
        <!-- ordinary fields -->
        <property name="presenceSign"        column="PresenceSign"/>
        <property name="sectionSize1From"    column="ProfileSize1From"/>
        <property name="sectionSize1To"      column="ProfileSize1To"/>
        <property name="sectionSize2From"    column="ProfileSize2From"/>
        <property name="sectionSize2To"      column="ProfileSize2To"/>
        <property name="lengthFrom"          column="LengthFrom"/>
        <property name="lengthTo"            column="LengthTo"/>
        <property name="millCode"            column="MillCode" />
        <property name="weight"              column="Weight" />
        <property name="shipmentDate"        column="PlanShipmentDate" />
        <property name="previousMonth"       column="PrevMonth"/>
        <property name="price"               column="Price" />
        <property name="planRollingDate"     column="PlanRollingDate"/>
        <property name="technicalCharCode"   column="TechnicalCharCode" />
        <property name="productCode"         column="ProductCode"/>
        <property name="plannedPrice"        column="PlanPrice" />

        <!-- steel grades from and to -->
        <many-to-one name="steelGradeFrom" class="ru.kzgroup.domain.dto.directories.SteelGradeDto"
                     lazy="false" insert="false" update="false" not-null="false" not-found="ignore" unique="true">
            <column name="StGrdCodeA"/>
        </many-to-one>
        <!---->
        <many-to-one name="steelGradeTo" class="ru.kzgroup.domain.dto.directories.SteelGradeDto"
                     lazy="false" insert="false" update="false" not-null="false" not-found="ignore" unique="true">
            <column name="StGrdCodeB"/>
        </many-to-one>
        <!-- extra requirements for order position (4 objects) -->
        <many-to-one name="requirementA" class="ru.kzgroup.domain.dto.directories.requirements.ExtraRequirementDto"
                     lazy="false" insert="false" update="false" not-null="false" not-found="ignore" unique="true">
            <column name="ExtraRequirementCodeA"/>
        </many-to-one>
        <!---->
        <many-to-one name="requirementB" class="ru.kzgroup.domain.dto.directories.requirements.ExtraRequirementDto"
                     lazy="false" insert="false" update="false" not-null="false" not-found="ignore" unique="true">
            <column name="ExtraRequirementCodeB"/>
        </many-to-one>
        <!---->
        <many-to-one name="requirementC" class="ru.kzgroup.domain.dto.directories.requirements.ExtraRequirementDto"
                     lazy="false" insert="false" update="false" not-null="false" not-found="ignore" unique="true">
            <column name="ExtraRequirementCodeC"/>
        </many-to-one>
        <!---->
        <many-to-one name="requirementD" class="ru.kzgroup.domain.dto.directories.requirements.ExtraRequirementDto"
                     lazy="false" insert="false" update="false" not-null="false" not-found="ignore" unique="true">
            <column name="ExtraRequirementCodeD"/>
        </many-to-one>
        <!-- this columns are repeated (see above) - here we should declare them with insert/update=false -->
        <many-to-one name="techCharacteristic" class="ru.kzgroup.domain.dto.directories.characteristics.TechCharacteristicDto"
                     lazy="false" not-null="false" not-found="ignore" unique="true" insert="false" update="false">
            <!-- foreign key (fields) in table D8609152 -->
            <column name="ProductCode" />
            <column name="TechnicalCharCode" />
        </many-to-one>
        <!---->
        <many-to-one name="steelGradeStandard" class="ru.kzgroup.domain.dto.directories.StandardDto" lazy="false" unique="true" not-found="ignore">
            <!-- foreign key (fields) in table D8609152 for link to PK in table N00200 (standards) -->
            <column name="StGrdStandardCode"/>
        </many-to-one>
        <!---->
        <many-to-one name="profileStandard" class="ru.kzgroup.domain.dto.directories.StandardDto" lazy="false" unique="true" not-found="ignore">
            <column name="ProfileStandardCode"/>
        </many-to-one>
        <!---->
        <many-to-one name="section" class="ru.kzgroup.domain.dto.directories.SectionDto" lazy="false" unique="true" not-found="ignore">
            <!-- foreign key (fields) in table D8609152 for link to PK in table M107 (profiles) -->
            <column name="ProfileCode"/>
        </many-to-one>
        <!---->
        <many-to-one name="deliveryTerm" class="ru.kzgroup.domain.dto.directories.DeliveryTermDto" lazy="false" unique="true" not-found="ignore">
            <column name="DeliveryTermsCode"/>
        </many-to-one>
        <!-- currency for order position -->
        <many-to-one name="currency" class="ru.kzgroup.domain.dto.directories.CurrencyDto" lazy="false" not-found="ignore">
            <column name="CurrencyCode"/>
        </many-to-one>
        <!-- positions for order -->
        <set name="extraParameters" lazy="false" cascade="none" outer-join="true">
            <!-- same columns as current primary key -->
            <key>
                <column name="OrderYear"/>
                <column name="OrderNo"/>
                <column name="OrderMonth"/>
                <column name="OrderPosition" />
            </key>
            <one-to-many class="ru.kzgroup.domain.dto.orders.pdx.OrderExtraParameterDtoPDX"/>
        </set>

    </class>
</hibernate-mapping>