<?xml version="1.0"?>
<!DOCTYPE hibernate-mapping PUBLIC "-//Hibernate/Hibernate Mapping DTD//EN"
        "http://www.hibernate.org/dtd/hibernate-mapping-3.0.dtd">

<hibernate-mapping>
    <class name="ru.kzgroup.domain.dto.orders.ora.OrderRollingDto" table="TB_ARM_RK110">
        <!-- composite ID -->
        <composite-id name="id" class="ru.kzgroup.domain.dto.orders.ora.OrderRollingDtoId">
            <key-property name="year"             column="YEAR" />
            <key-property name="workCardNumber"   column="WORK_CARD_NUMBER" />
            <key-property name="workCardPosition" column="WORK_CARD_POSITION"/>
        </composite-id>
        <property name="meltNumber"                         column="MELT_NUMBER"/>
        <!-- fields for linking with orders details (positions) table -->
        <property name="orderYearMonth"                     column="PROD_YYMM" />
        <property name="orderNumber"                        column="ORD_NO"/>
        <property name="orderPosition"                      column="ORD_POSITION"/>
        <property name="workCardDate"                       column="WORK_CARD_DATE"/>
        <property name="rollingWeight"                      column="ROLLING_WEIGHT"/>
        <property name="acceptanceDateAD"                   column="ACCEPT_DATE_AD"/>
        <property name="acceptanceWeightAD"                 column="ACCEPT_WEIGHT_AD" />
        <property name="otkWeight"                          column="OTK_WEIGHT"/>
        <property name="deleted"                            column="DELETED" />
        <property name="modifyUser"                         column="MODIFIER" />
        <property name="modifyDate"                         column="MOD_DDTT" />
        <property name="registerUser"                       column="REGISTER" />
        <property name="registerDate"                       column="REG_DDTT" />
    </class>

</hibernate-mapping>