<?xml version="1.0"?>
<!DOCTYPE hibernate-mapping PUBLIC "-//Hibernate/Hibernate Mapping DTD//EN"
 "http://www.hibernate.org/dtd/hibernate-mapping-3.0.dtd">

<hibernate-mapping>
    <class name="ru.kzgroup.domain.dto.orders.ora.OrderDtoORA" table="TB_SM_ORDCOMM">
        <composite-id name="id" class="ru.kzgroup.domain.dto.orders.ora.OrderDtoIdORA">
            <key-property name="orderYearMonth" column="PROD_YYMM" />
            <key-property name="orderNumber"    column="ORD_NO" />
        </composite-id>
        <property name="orderDate"            column="ORD_REG_DDTT"/>
        <property name="orderProgressCode"    column="ORD_PROG_CD"/>
        <property name="exportOrderNumber"    column="EXPORT_ORD_NO"/>
        <property name="lotNumber"            column="LOT_NO"/>
        <property name="lotName"              column="LOT_NAME"/>
        <property name="isCarCustomer"        column="CAR_YN"/>
        <property name="contractNumber"       column="CONTRACT_NO"/>
        <property name="contractName"         column="CONTRACT_NAME"/>
        <property name="contractOrderNumber"  column="CONTRACT_ORD_NO" />
        <property name="note1"                column="NOTE"/>
        <property name="note2"                column="NOTE1"/>
        <property name="orderConfirmDate"     column="ORD_CONFIRM_DD"/>
        <property name="packingId"            column="PACKING_IDENTI" />
        <property name="customerSpecialPrint" column="CUSTOMER_SPEC_PRINT" />
        <property name="customerDeliverDate"  column="CUSTOMER_DELIVER_DD" />

        <!-- positions for order -->
        <set name="positions" lazy="false" cascade="merge" inverse="true">
            <key>
                <column name="PROD_YYMM"/>
                <column name="ORD_NO"/>
            </key>
            <one-to-many class="ru.kzgroup.domain.dto.orders.ora.OrderPositionDtoORA"/>
        </set>

        <!-- customer for current order -->
        <many-to-one name="customer" class="ru.kzgroup.domain.dto.customers.CustomerDto" lazy="false" cascade="none">
            <column name="CUSTOMER_CD"/>
        </many-to-one>

        <!-- consignee for current order -->
        <many-to-one name="consignee" class="ru.kzgroup.domain.dto.customers.CustomerDto" lazy="false" cascade="none">
            <column name="CONSIGNEE_CD"/>
        </many-to-one>

        <!-- territory object -->
        <many-to-one name="territory" class="ru.kzgroup.domain.dto.directories.TerritoryDto" lazy="false" cascade="none">
            <column name="REGION_CD"/>
        </many-to-one>
        <!-- order shipment type -->
        <many-to-one name="shipmentType" class="ru.kzgroup.domain.dto.directories.ShipmentTypeDto" lazy="false" cascade="none">
            <column name="SHIPMENT_TYPE_CD"/>
        </many-to-one>
        <!-- order market type - by field OrderIndex -->
        <many-to-one name="orderIndex" class="ru.kzgroup.domain.dto.orders.OrderMarketTypeDto" lazy="false">
            <column name="ORD_GP"/>
        </many-to-one>

        <property name="deleted"      column="DELETED" />
        <property name="modifyUser"   column="MODIFIER" />
        <property name="modifyDate"   column="MOD_DDTT" />
        <property name="registerUser" column="REGISTER" />
        <property name="registerDate" column="REG_DDTT" />
    </class>
</hibernate-mapping>