<?xml version="1.0"?>
<!DOCTYPE hibernate-mapping PUBLIC "-//Hibernate/Hibernate Mapping DTD//EN"
 "http://www.hibernate.org/dtd/hibernate-mapping-3.0.dtd">

<hibernate-mapping>
    <class name="ru.kzgroup.domain.dto.orders.pdx.OrderExtraParameterDtoPDX" table="D8609PAR">
        <!-- composite primary key -->
        <composite-id name="id" class="ru.kzgroup.domain.dto.orders.pdx.OrderExtraParameterDtoIdPDX">
            <key-property name="orderYear"            column="OrderYear" />
            <key-property name="orderNumber"          column="OrderNo" />
            <key-property name="orderMonth"           column="OrderMonth" />
            <key-property name="orderPosition"        column="OrderPosition" />
            <key-property name="extraParameterNumber" column="ExtraParamNo" />
        </composite-id>
        <property name="extraParameterValue" column="ExtraParamValue"/>
    </class>
</hibernate-mapping>