<?xml version="1.0"?>
<!DOCTYPE hibernate-mapping PUBLIC "-//Hibernate/Hibernate Mapping DTD//EN"
 "http://www.hibernate.org/dtd/hibernate-mapping-3.0.dtd">

<hibernate-mapping>
    <class name="ru.kzgroup.domain.dto.orders.pdx.OrderDtoPDX" table="D8609151">
        <!-- composite primary key -->
        <composite-id name="id" class="ru.kzgroup.domain.dto.orders.pdx.OrderDtoIdPDX">
            <key-property name="orderYear"   column="OrderYear" />
            <key-property name="orderNumber" column="OrderNo" />
            <key-property name="orderMonth"  column="OrderMonth" />
        </composite-id>
        <property name="orderDate"          column="OrderDate"/>
        <property name="contractNumber"     column="OrderContractNo"/>
        <property name="exportOrderNumber"  column="ExpOrderNo"/>
        <property name="lotNumber"          column="LotNo"/>
        <property name="lotName"            column="LotName"/>

        <!-- Set of notes for order object. Should be ONE (or ZERO) note (unique=true)! -->
        <set name="notesForOrder" lazy="false" cascade="none">
            <key unique="true">
                <column name="OrderYear"/>
                <column name="OrderNo"/>
                <column name="OrderMonth"/>
            </key>
            <one-to-many class="ru.kzgroup.domain.dto.orders.pdx.OrderD0502002PDX"/>
        </set>
        <!-- positions for order -->
        <set name="positions" lazy="false" cascade="none">
            <key>
                <column name="OrderYear"/>
                <column name="OrderNo"/>
                <column name="OrderMonth"/>
            </key>
            <one-to-many class="ru.kzgroup.domain.dto.orders.pdx.OrderPositionDtoPDX"/>
        </set>
        <!-- contract object for order -->
        <many-to-one name="contract" class="ru.kzgroup.domain.dto.orders.pdx.OrderContractDtoPDX"
                     lazy="false" insert="false" update="false" not-null="false" not-found="ignore" unique="true">
            <column name="OrderContractNo"/>
        </many-to-one>
        <!-- customer for current order -->
        <many-to-one name="customer" class="ru.kzgroup.domain.dto.customers.CustomerDto" lazy="false">
            <column name="CustomerCode"/>
        </many-to-one>
        <!-- consignee for current order -->
        <many-to-one name="consignee" class="ru.kzgroup.domain.dto.customers.CustomerDto" lazy="false">
            <column name="ConsigneeCode"/>
        </many-to-one>
        <!-- territory object -->
        <many-to-one name="territory" class="ru.kzgroup.domain.dto.directories.TerritoryDto" lazy="false">
            <column name="RegionCode"/>
        </many-to-one>
        <!-- order shipment type -->
        <many-to-one name="shipmentType" class="ru.kzgroup.domain.dto.directories.ShipmentTypeDto" lazy="false">
            <column name="ShipmentType"/>
        </many-to-one>
        <!-- order market type - by field OrderIndex -->
        <many-to-one name="orderIndex" class="ru.kzgroup.domain.dto.orders.OrderMarketTypeDto" lazy="false">
            <column name="OrderIndex"/>
        </many-to-one>

    </class>
</hibernate-mapping>