<?xml version="1.0"?>
<!DOCTYPE hibernate-mapping PUBLIC "-//Hibernate/Hibernate Mapping DTD//EN"
 "http://www.hibernate.org/dtd/hibernate-mapping-3.0.dtd">

<hibernate-mapping>
    <class name="ru.kzgroup.domain.dto.orders.ora.OrderIngredientDtoORA" table="TB_SM_ORD_INGR">
        <composite-id name="id" class="ru.kzgroup.domain.dto.orders.ora.OrderIngredientDtoIdORA">
            <key-property name="orderYearMonth"      column="PROD_YYMM" />
            <key-property name="orderNumber"         column="ORD_NO" />
            <key-property name="orderPosition"       column="ORD_POSITION" />
            <key-property name="ingredientLatinName" column="INGR_CD" />
        </composite-id>
        <property name="ingredientMin"   column="INGR_MIN"/>
        <property name="ingredientMax"   column="INGR_MAX"/>
        <property name="deleted"         column="DELETED" />
        <property name="modifyUser"      column="MODIFIER" />
        <property name="modifyDate"      column="MOD_DDTT" />
        <property name="registerUser"    column="REGISTER" />
        <property name="registerDate"    column="REG_DDTT" />
    </class>
</hibernate-mapping>